Measure,Date,Year,Change in MSL Value
Atlantic Ocean,2012-01-02,2012,27.55
Atlantic Ocean,2012-01-07,2012,24.72
Atlantic Ocean,2012-01-12,2012,23.05
Atlantic Ocean,2012-01-17,2012,33.52
Atlantic Ocean,2012-01-22,2012,30.35
Atlantic Ocean,2012-01-27,2012,22.52
Atlantic Ocean,2012-02-01,2012,16.45
Atlantic Ocean,2012-02-06,2012,25.62
Atlantic Ocean,2012-02-11,2012,32.15
Atlantic Ocean,2012-02-16,2012,40.45
Atlantic Ocean,2012-02-16,2012,28.02
Atlantic Ocean,2012-02-26,2012,14.82
Atlantic Ocean,2012-03-02,2012,10.05
Atlantic Ocean,2012-03-07,2012,19.12
Atlantic Ocean,2012-03-17,2012,21.12
Atlantic Ocean,2012-03-26,2012,25.42
Atlantic Ocean,2012-04-05,2012,31.42
Atlantic Ocean,2012-04-15,2012,34.52
Atlantic Ocean,2012-04-25,2012,26.12
Atlantic Ocean,2012-05-05,2012,18.32
Atlantic Ocean,2012-05-13,2012,27.95
Atlantic Ocean,2012-05-15,2012,26.32
Atlantic Ocean,2012-05-24,2012,18.25
Atlantic Ocean,2012-05-25,2012,16.32
Atlantic Ocean,2012-06-04,2012,17.65
Atlantic Ocean,2012-06-04,2012,17.52
Atlantic Ocean,2012-06-14,2012,25.72
Atlantic Ocean,2012-06-15,2012,22.05
Atlantic Ocean,2012-06-22,2012,22.15
Atlantic Ocean,2012-06-24,2012,30.72
Atlantic Ocean,2012-06-30,2012,24.25
Atlantic Ocean,2012-07-04,2012,29.12
Atlantic Ocean,2012-07-11,2012,28.85
Atlantic Ocean,2012-07-14,2012,32.92
Atlantic Ocean,2012-07-21,2012,29.55
Atlantic Ocean,2012-07-24,2012,28.32
Atlantic Ocean,2012-08-01,2012,35.25
Atlantic Ocean,2012-08-03,2012,39.42
Atlantic Ocean,2012-08-09,2012,40.95
Atlantic Ocean,2012-08-13,2012,43.52
Atlantic Ocean,2012-08-16,2012,44.35
Atlantic Ocean,2012-08-22,2012,48.62
Atlantic Ocean,2012-08-27,2012,46.15
Atlantic Ocean,2012-09-01,2012,45.12
Atlantic Ocean,2012-09-07,2012,43.75
Atlantic Ocean,2012-09-11,2012,41.62
Atlantic Ocean,2012-09-18,2012,50.65
Atlantic Ocean,2012-09-21,2012,45.82
Atlantic Ocean,2012-09-25,2012,43.85
Atlantic Ocean,2012-10-01,2012,51.52
Atlantic Ocean,2012-10-03,2012,53.95
Atlantic Ocean,2012-10-11,2012,53.92
Atlantic Ocean,2012-10-14,2012,52.65
Atlantic Ocean,2012-10-21,2012,61.72
Atlantic Ocean,2012-10-25,2012,62.15
Atlantic Ocean,2012-10-31,2012,62.12
Atlantic Ocean,2012-11-01,2012,69.75
Atlantic Ocean,2012-11-09,2012,55.95
Atlantic Ocean,2012-11-10,2012,55.32
Atlantic Ocean,2012-11-20,2012,46.85
Atlantic Ocean,2012-11-20,2012,46.12
Atlantic Ocean,2012-11-30,2012,45.35
Atlantic Ocean,2012-11-30,2012,44.52
Atlantic Ocean,2012-12-10,2012,37.42
Atlantic Ocean,2012-12-11,2012,31.55
Atlantic Ocean,2012-12-19,2012,34.25
Atlantic Ocean,2012-12-20,2012,31.02
Atlantic Ocean,2012-12-27,2012,31.65
Atlantic Ocean,2012-12-30,2012,29.32
Atlantic Ocean,2013-01-06,2013,40.15
Atlantic Ocean,2013-01-09,2013,38.02
Atlantic Ocean,2013-01-17,2013,41.45
Atlantic Ocean,2013-01-18,2013,37.82
Atlantic Ocean,2013-01-28,2013,40.65
Atlantic Ocean,2013-01-28,2013,38.92
Atlantic Ocean,2013-02-05,2013,47.85
Atlantic Ocean,2013-02-07,2013,46.32
Atlantic Ocean,2013-02-12,2013,33.75
Atlantic Ocean,2013-02-17,2013,27.12
Atlantic Ocean,2013-02-23,2013,22.25
Atlantic Ocean,2013-02-27,2013,25.12
Atlantic Ocean,2013-03-09,2013,34.32
Atlantic Ocean,2013-03-19,2013,32.82
Atlantic Ocean,2013-03-22,2013,30.85
Atlantic Ocean,2013-03-24,2013,32.65
Atlantic Ocean,2013-04-01,2013,36.75
Atlantic Ocean,2013-04-11,2013,23.55
Atlantic Ocean,2013-04-18,2013,29.82
Atlantic Ocean,2013-04-22,2013,26.65
Atlantic Ocean,2013-04-28,2013,30.22
Atlantic Ocean,2013-04-30,2013,26.85
Atlantic Ocean,2013-05-07,2013,43.45
Atlantic Ocean,2013-05-07,2013,38.52
Atlantic Ocean,2013-05-17,2013,27.82
Atlantic Ocean,2013-05-18,2013,31.85
Atlantic Ocean,2013-05-27,2013,21.22
Atlantic Ocean,2013-05-29,2013,19.15
Atlantic Ocean,2013-06-06,2013,13.52
Atlantic Ocean,2013-06-09,2013,15.35
Atlantic Ocean,2013-06-16,2013,25.05
Atlantic Ocean,2013-06-16,2013,25.92
Atlantic Ocean,2013-06-26,2013,30.12
Atlantic Ocean,2013-07-06,2013,47.02
Atlantic Ocean,2013-07-16,2013,47.42
Atlantic Ocean,2013-07-26,2013,33.42
Atlantic Ocean,2013-08-05,2013,41.92
Atlantic Ocean,2013-08-15,2013,38.52
Atlantic Ocean,2013-08-24,2013,39.22
Atlantic Ocean,2013-09-02,2013,43.42
Atlantic Ocean,2013-09-16,2013,37.82
Atlantic Ocean,2013-09-23,2013,40.32
Atlantic Ocean,2013-10-03,2013,38.92
Atlantic Ocean,2013-10-13,2013,52.72
Atlantic Ocean,2013-10-23,2013,59.32
Atlantic Ocean,2013-11-02,2013,68.72
Atlantic Ocean,2013-11-12,2013,52.12
Atlantic Ocean,2013-11-22,2013,58.62
Atlantic Ocean,2013-12-02,2013,55.62
Atlantic Ocean,2013-12-11,2013,62.42
Atlantic Ocean,2013-12-21,2013,50.22
Atlantic Ocean,2013-12-31,2013,43.82
Atlantic Ocean,2014-01-10,2014,41.62
Atlantic Ocean,2014-01-20,2014,33.82
Atlantic Ocean,2014-01-30,2014,32.12
Atlantic Ocean,2014-02-09,2014,31.82
Atlantic Ocean,2014-02-19,2014,30.22
Atlantic Ocean,2014-03-01,2014,27.92
Atlantic Ocean,2014-03-11,2014,18.62
Atlantic Ocean,2014-03-21,2014,17.12
Atlantic Ocean,2014-03-30,2014,23.42
Atlantic Ocean,2014-04-09,2014,19.32
Atlantic Ocean,2014-04-19,2014,28.22
Atlantic Ocean,2014-04-29,2014,23.82
Atlantic Ocean,2014-05-09,2014,36.32
Atlantic Ocean,2014-05-19,2014,25.02
Atlantic Ocean,2014-05-29,2014,19.82
Atlantic Ocean,2014-06-08,2014,15.82
Atlantic Ocean,2014-06-18,2014,29.02
Atlantic Ocean,2014-06-28,2014,38.92
Atlantic Ocean,2014-07-08,2014,45.12
Atlantic Ocean,2014-07-17,2014,36.42
Atlantic Ocean,2014-07-27,2014,37.52
Atlantic Ocean,2014-08-06,2014,40.92
Atlantic Ocean,2014-08-16,2014,41.72
Atlantic Ocean,2014-08-26,2014,47.12
Atlantic Ocean,2014-09-05,2014,46.42
Atlantic Ocean,2014-09-15,2014,46.52
Atlantic Ocean,2014-09-25,2014,50.42
Atlantic Ocean,2014-10-05,2014,55.62
Atlantic Ocean,2014-10-15,2014,51.62
Atlantic Ocean,2014-10-25,2014,62.12
Atlantic Ocean,2014-11-04,2014,54.52
Atlantic Ocean,2014-11-13,2014,62.62
Atlantic Ocean,2014-11-23,2014,63.62
Atlantic Ocean,2014-12-03,2014,62.12
Atlantic Ocean,2014-12-13,2014,54.42
Atlantic Ocean,2014-12-23,2014,35.02
Atlantic Ocean,2015-01-02,2015,28.82
Atlantic Ocean,2015-01-12,2015,29.82
Atlantic Ocean,2015-01-22,2015,36.22
Atlantic Ocean,2015-02-01,2015,42.22
Atlantic Ocean,2015-02-11,2015,37.42
Atlantic Ocean,2015-02-21,2015,48.22
Atlantic Ocean,2015-03-02,2015,38.82
Atlantic Ocean,2015-03-12,2015,39.42
Atlantic Ocean,2015-03-22,2015,41.22
Atlantic Ocean,2015-04-01,2015,36.42
Atlantic Ocean,2015-04-11,2015,31.72
Atlantic Ocean,2015-04-21,2015,33.92
Atlantic Ocean,2015-05-01,2015,40.22
Atlantic Ocean,2015-05-11,2015,38.12
Atlantic Ocean,2015-05-21,2015,23.02
Atlantic Ocean,2015-05-31,2015,35.42
Atlantic Ocean,2015-06-09,2015,25.72
Atlantic Ocean,2015-06-19,2015,31.32
Atlantic Ocean,2015-06-29,2015,43.92
Atlantic Ocean,2015-07-09,2015,41.22
Atlantic Ocean,2015-07-19,2015,53.32
Atlantic Ocean,2015-07-29,2015,48.32
Atlantic Ocean,2015-08-08,2015,53.12
Atlantic Ocean,2015-08-18,2015,54.42
Atlantic Ocean,2015-08-28,2015,57.82
Atlantic Ocean,2015-09-07,2015,64.52
Atlantic Ocean,2015-09-17,2015,62.32
Atlantic Ocean,2015-09-26,2015,57.92
Atlantic Ocean,2015-10-06,2015,68.72
Atlantic Ocean,2015-10-16,2015,70.52
Atlantic Ocean,2015-10-26,2015,73.62
Atlantic Ocean,2015-11-05,2015,62.52
Atlantic Ocean,2015-11-15,2015,61.02
Atlantic Ocean,2015-11-25,2015,55.62
Atlantic Ocean,2015-12-05,2015,58.52
Atlantic Ocean,2015-12-15,2015,51.22
Atlantic Ocean,2015-12-25,2015,49.12
Atlantic Ocean,2016-01-04,2016,46.92
Atlantic Ocean,2016-01-14,2016,50.32
Atlantic Ocean,2016-01-23,2016,51.42
Atlantic Ocean,2016-02-02,2016,54.72
Atlantic Ocean,2016-02-12,2016,44.82
Atlantic Ocean,2016-02-15,2016,42.48
Atlantic Ocean,2016-02-22,2016,45.02
Atlantic Ocean,2016-02-22,2016,42.78
Atlantic Ocean,2016-03-03,2016,43.62
Atlantic Ocean,2016-03-03,2016,41.98
Atlantic Ocean,2016-03-12,2016,36.78
Atlantic Ocean,2016-03-13,2016,36.32
Atlantic Ocean,2016-03-23,2016,34.92
Atlantic Ocean,2016-03-23,2016,35.48
Atlantic Ocean,2016-04-02,2016,35.92
Atlantic Ocean,2016-04-02,2016,36.18
Atlantic Ocean,2016-04-12,2016,40.12
Atlantic Ocean,2016-04-12,2016,39.88
Atlantic Ocean,2016-04-22,2016,52.42
Atlantic Ocean,2016-04-22,2016,53.88
Atlantic Ocean,2016-05-02,2016,57.02
Atlantic Ocean,2016-05-02,2016,58.38
Atlantic Ocean,2016-05-12,2016,47.42
Atlantic Ocean,2016-05-12,2016,50.28
Atlantic Ocean,2016-05-22,2016,34.52
Atlantic Ocean,2016-05-22,2016,38.28
Atlantic Ocean,2016-06-01,2016,22.92
Atlantic Ocean,2016-06-01,2016,24.48
Atlantic Ocean,2016-06-11,2016,27.32
Atlantic Ocean,2016-06-11,2016,26.78
Atlantic Ocean,2016-06-21,2016,40.22
Atlantic Ocean,2016-06-21,2016,39.18
Atlantic Ocean,2016-06-30,2016,38.32
Atlantic Ocean,2016-06-30,2016,37.08
Atlantic Ocean,2016-07-10,2016,39.72
Atlantic Ocean,2016-07-10,2016,38.88
Atlantic Ocean,2016-07-20,2016,56.42
Atlantic Ocean,2016-07-20,2016,54.28
Atlantic Ocean,2016-07-30,2016,61.52
Atlantic Ocean,2016-07-30,2016,59.68
Atlantic Ocean,2016-08-09,2016,57.02
Atlantic Ocean,2016-08-09,2016,54.08
Atlantic Ocean,2016-08-19,2016,49.42
Atlantic Ocean,2016-08-19,2016,46.78
Atlantic Ocean,2016-08-29,2016,55.32
Atlantic Ocean,2016-08-29,2016,54.98
Atlantic Ocean,2016-09-08,2016,57.12
Atlantic Ocean,2016-09-08,2016,57.98
Atlantic Ocean,2016-09-18,2016,58.02
Atlantic Ocean,2016-09-18,2016,60.08
Atlantic Ocean,2016-09-28,2016,61.92
Atlantic Ocean,2016-09-28,2016,65.08
Atlantic Ocean,2016-10-08,2016,66.68
Atlantic Ocean,2016-10-16,2016,63.22
Atlantic Ocean,2016-10-18,2016,60.98
Atlantic Ocean,2016-10-23,2016,61.92
Atlantic Ocean,2016-10-28,2016,72.48
Atlantic Ocean,2016-11-02,2016,74.92
Atlantic Ocean,2016-11-07,2016,72.88
Atlantic Ocean,2016-11-12,2016,65.32
Atlantic Ocean,2016-11-17,2016,65.08
Atlantic Ocean,2016-11-22,2016,63.62
Atlantic Ocean,2016-11-27,2016,60.68
Atlantic Ocean,2016-12-01,2016,57.72
Atlantic Ocean,2016-12-06,2016,62.08
Atlantic Ocean,2016-12-11,2016,70.12
Atlantic Ocean,2016-12-16,2016,66.58
Atlantic Ocean,2016-12-21,2016,57.12
Atlantic Ocean,2016-12-26,2016,46.88
Atlantic Ocean,2016-12-31,2016,50.62
Atlantic Ocean,2017-01-05,2017,51.78
Atlantic Ocean,2017-01-10,2017,51.32
Atlantic Ocean,2017-01-15,2017,47.68
Atlantic Ocean,2017-01-20,2017,47.02
Atlantic Ocean,2017-01-25,2017,48.48
Atlantic Ocean,2017-01-30,2017,51.92
Atlantic Ocean,2017-02-04,2017,50.58
Atlantic Ocean,2017-02-09,2017,43.42
Atlantic Ocean,2017-02-14,2017,40.98
Atlantic Ocean,2017-02-19,2017,44.52
Atlantic Ocean,2017-02-24,2017,51.38
Atlantic Ocean,2017-03-01,2017,47.42
Atlantic Ocean,2017-03-06,2017,51.08
Atlantic Ocean,2017-03-11,2017,43.92
Atlantic Ocean,2017-03-16,2017,47.02
Atlantic Ocean,2017-03-16,2017,42.08
Atlantic Ocean,2017-03-25,2017,38.38
Atlantic Ocean,2017-04-02,2017,40.42
Atlantic Ocean,2017-04-04,2017,43.28
Atlantic Ocean,2017-04-09,2017,49.42
Atlantic Ocean,2017-04-14,2017,54.38
Atlantic Ocean,2017-04-19,2017,59.62
Atlantic Ocean,2017-04-24,2017,54.78
Atlantic Ocean,2017-04-29,2017,45.42
Atlantic Ocean,2017-05-04,2017,45.58
Atlantic Ocean,2017-05-09,2017,48.52
Atlantic Ocean,2017-05-14,2017,52.28
Atlantic Ocean,2017-05-16,2017,52.62
Atlantic Ocean,2017-05-24,2017,50.98
Atlantic Ocean,2017-06-03,2017,48.58
Atlantic Ocean,2017-06-13,2017,51.28
Atlantic Ocean,2017-06-23,2017,49.18
Atlantic Ocean,2017-07-03,2017,58.78
Atlantic Ocean,2017-07-12,2017,55.98
Atlantic Ocean,2017-07-22,2017,38.98
Atlantic Ocean,2017-08-01,2017,60.88
Atlantic Ocean,2017-08-11,2017,66.98
Atlantic Ocean,2017-08-21,2017,58.38
Atlantic Ocean,2017-08-31,2017,70.28
Atlantic Ocean,2017-09-10,2017,86.48
Atlantic Ocean,2017-09-20,2017,88.38
Atlantic Ocean,2017-09-30,2017,73.08
Atlantic Ocean,2017-10-10,2017,78.98
Atlantic Ocean,2017-10-20,2017,67.58
Atlantic Ocean,2017-10-30,2017,64.08
Atlantic Ocean,2017-11-08,2017,75.78
Atlantic Ocean,2017-11-18,2017,78.98
Atlantic Ocean,2017-11-28,2017,76.78
Atlantic Ocean,2017-12-08,2017,75.08
Atlantic Ocean,2017-12-18,2017,70.88
Atlantic Ocean,2017-12-28,2017,69.48
Atlantic Ocean,2018-01-07,2018,72.68
Atlantic Ocean,2018-01-17,2018,71.58
Atlantic Ocean,2018-01-27,2018,70.58
Atlantic Ocean,2018-02-06,2018,71.68
Atlantic Ocean,2018-02-15,2018,63.08
Atlantic Ocean,2018-02-25,2018,55.08
Atlantic Ocean,2018-03-07,2018,58.98
Atlantic Ocean,2018-03-17,2018,50.08
Atlantic Ocean,2018-03-27,2018,55.08
Atlantic Ocean,2018-04-06,2018,64.88
Atlantic Ocean,2018-04-16,2018,58.98
Atlantic Ocean,2018-04-26,2018,46.38
Atlantic Ocean,2018-05-06,2018,49.18
Atlantic Ocean,2018-05-16,2018,47.38
Atlantic Ocean,2018-05-26,2018,45.28
Atlantic Ocean,2018-06-04,2018,42.98
Atlantic Ocean,2018-06-14,2018,33.38
Atlantic Ocean,2018-06-24,2018,40.98
Atlantic Ocean,2018-07-04,2018,48.08
Atlantic Ocean,2018-07-14,2018,42.88
Atlantic Ocean,2018-07-24,2018,53.78
Atlantic Ocean,2018-08-03,2018,63.88
Atlantic Ocean,2018-08-13,2018,54.18
Atlantic Ocean,2018-08-23,2018,64.68
Atlantic Ocean,2018-09-02,2018,76.38
Atlantic Ocean,2018-09-12,2018,90.18
Atlantic Ocean,2018-09-22,2018,80.88
Atlantic Ocean,2018-10-01,2018,71.78
Atlantic Ocean,2018-10-11,2018,79.18
Atlantic Ocean,2018-10-21,2018,85.68
Atlantic Ocean,2018-10-31,2018,84.68
Atlantic Ocean,2018-11-10,2018,84.08
Atlantic Ocean,2018-11-20,2018,90.88
Atlantic Ocean,2018-11-30,2018,83.98
Atlantic Ocean,2018-12-10,2018,66.58
Atlantic Ocean,2018-12-20,2018,57.48
Atlantic Ocean,2018-12-30,2018,63.98
Atlantic Ocean,2019-01-08,2019,60.38
Atlantic Ocean,2019-01-18,2019,68.98
Atlantic Ocean,2019-01-28,2019,68.28
Atlantic Ocean,2019-02-07,2019,62.88
Atlantic Ocean,2019-02-17,2019,64.68
Atlantic Ocean,2019-02-23,2019,74.48
Atlantic Ocean,2019-03-10,2019,58.58
Atlantic Ocean,2019-03-19,2019,56.28
Atlantic Ocean,2019-03-29,2019,60.38
Atlantic Ocean,2019-04-06,2019,57.58
Atlantic Ocean,2019-04-18,2019,63.18
Atlantic Ocean,2019-04-27,2019,58.28
Atlantic Ocean,2019-05-07,2019,64.48
Atlantic Ocean,2019-05-17,2019,63.68
Atlantic Ocean,2019-05-27,2019,63.98
Atlantic Ocean,2019-06-06,2019,60.68
Atlantic Ocean,2019-06-16,2019,54.78
Atlantic Ocean,2019-06-26,2019,58.68
Atlantic Ocean,2019-07-06,2019,65.48
Atlantic Ocean,2019-07-16,2019,63.08
Atlantic Ocean,2019-07-26,2019,68.88
Atlantic Ocean,2019-08-05,2019,60.48
Atlantic Ocean,2019-08-14,2019,68.18
Atlantic Ocean,2019-08-24,2019,71.08
Atlantic Ocean,2019-09-03,2019,74.78
Atlantic Ocean,2019-09-13,2019,71.88
Atlantic Ocean,2019-09-23,2019,88.78
Atlantic Ocean,2019-10-03,2019,91.58
Atlantic Ocean,2019-10-13,2019,97.88
Atlantic Ocean,2019-10-23,2019,89.58
Atlantic Ocean,2019-11-02,2019,93.78
Atlantic Ocean,2019-11-12,2019,99.38
Atlantic Ocean,2019-11-22,2019,100.28
Atlantic Ocean,2019-12-01,2019,90.68
Atlantic Ocean,2019-12-11,2019,78.38
Atlantic Ocean,2019-12-21,2019,80.48
Atlantic Ocean,2019-12-31,2019,72.78
Atlantic Ocean,2020-01-10,2020,70.48
Atlantic Ocean,2020-01-20,2020,80.18
Atlantic Ocean,2020-01-28,2020,73.08
Atlantic Ocean,2020-02-11,2020,58.58
Atlantic Ocean,2020-02-19,2020,64.58
Atlantic Ocean,2020-02-29,2020,67.88
Atlantic Ocean,2020-03-10,2020,74.58
Atlantic Ocean,2020-03-20,2020,64.08
Atlantic Ocean,2020-03-30,2020,66.68
Atlantic Ocean,2020-04-09,2020,62.28
Atlantic Ocean,2020-04-18,2020,56.78
Atlantic Ocean,2020-04-28,2020,57.68
Atlantic Ocean,2020-05-08,2020,49.88
Atlantic Ocean,2020-05-18,2020,35.68
Atlantic Ocean,2020-05-28,2020,55.98
Atlantic Ocean,2020-06-07,2020,59.58
Atlantic Ocean,2020-06-17,2020,53.78
Atlantic Ocean,2020-06-27,2020,62.38
Atlantic Ocean,2020-07-07,2020,54.68
Atlantic Ocean,2020-07-17,2020,63.78
Atlantic Ocean,2020-07-27,2020,69.58
Atlantic Ocean,2020-08-06,2020,76.68
Atlantic Ocean,2020-08-16,2020,72.88
Atlantic Ocean,2020-08-26,2020,76.78
Atlantic Ocean,2020-09-05,2020,85.88
Atlantic Ocean,2020-09-15,2020,73.88
Atlantic Ocean,2020-09-25,2020,72.98
Atlantic Ocean,2020-10-04,2020,80.28
Atlantic Ocean,2020-10-14,2020,84.18
Atlantic Ocean,2020-10-24,2020,84.98
Atlantic Ocean,2020-11-04,2020,87.28
Atlantic Ocean,2020-11-13,2020,98.78
Atlantic Ocean,2020-11-23,2020,90.68
Atlantic Ocean,2020-12-03,2020,80.78
Atlantic Ocean,2020-12-13,2020,74.48
Atlantic Ocean,2020-12-23,2020,78.38
Atlantic Ocean,2021-01-02,2021,65.98
Atlantic Ocean,2021-01-12,2021,68.78
Atlantic Ocean,2021-01-22,2021,75.48
Atlantic Ocean,2021-02-01,2021,79.48
Atlantic Ocean,2021-02-10,2021,74.98
Atlantic Ocean,2021-02-20,2021,67.78
Atlantic Ocean,2021-03-02,2021,64.18
Atlantic Ocean,2021-03-12,2021,64.58
Atlantic Ocean,2021-03-22,2021,65.48
Atlantic Ocean,2021-04-01,2021,60.08
Atlantic Ocean,2021-04-11,2021,66.68
Atlantic Ocean,2021-04-21,2021,70.78
Atlantic Ocean,2021-05-01,2021,69.58
Atlantic Ocean,2021-05-11,2021,70.88
Atlantic Ocean,2021-05-21,2021,56.38
Atlantic Ocean,2021-05-30,2021,53.08
Atlantic Ocean,2021-06-09,2021,66.88
Atlantic Ocean,2021-06-19,2021,68.98
Atlantic Ocean,2021-06-29,2021,54.88
Atlantic Ocean,2021-07-09,2021,63.78
Atlantic Ocean,2021-07-19,2021,67.88
Atlantic Ocean,2021-07-29,2021,72.88
Atlantic Ocean,2021-08-08,2021,79.88
Atlantic Ocean,2021-08-18,2021,79.78
Atlantic Ocean,2021-08-28,2021,74.28
Atlantic Ocean,2021-09-07,2021,74.68
Atlantic Ocean,2021-09-17,2021,79.88
Atlantic Ocean,2021-09-26,2021,87.48
Atlantic Ocean,2021-10-06,2021,102.58
Atlantic Ocean,2021-10-16,2021,109.78
Atlantic Ocean,2021-10-26,2021,103.68
Atlantic Ocean,2021-11-05,2021,99.68
Atlantic Ocean,2021-11-15,2021,102.58
Atlantic Ocean,2021-11-25,2021,107.88
Atlantic Ocean,2021-12-05,2021,97.08
Atlantic Ocean,2021-12-15,2021,94.18
Atlantic Ocean,2021-12-25,2021,84.88
Atlantic Ocean,2022-01-03,2022,86.78
Atlantic Ocean,2022-01-13,2022,81.18
Atlantic Ocean,2022-01-23,2022,73.38
Atlantic Ocean,2022-02-02,2022,75.28
Atlantic Ocean,2022-02-11,2022,61.18
Atlantic Ocean,2022-02-21,2022,64.38
Atlantic Ocean,2022-03-04,2022,64.68
Atlantic Ocean,2022-03-14,2022,63.38
Atlantic Ocean,2022-03-23,2022,69.18
Atlantic Ocean,2022-04-03,2022,66.58
Atlantic Ocean,2022-04-08,2022,33.18
Atlantic Ocean,2022-04-27,2022,47.58
Atlantic Ocean,2022-05-04,2022,59.28
Atlantic Ocean,2022-05-14,2022,72.38
Atlantic Ocean,2022-05-24,2022,62.68
Atlantic Ocean,2022-06-03,2022,62.08
Atlantic Ocean,2022-06-13,2022,69.08
Atlantic Ocean,2022-06-23,2022,70.58
Atlantic Ocean,2022-07-03,2022,63.78
Atlantic Ocean,2022-07-13,2022,64.48
Atlantic Ocean,2022-07-23,2022,77.48
Atlantic Ocean,2022-08-02,2022,86.48
Atlantic Ocean,2022-08-11,2022,74.28
Atlantic Ocean,2022-08-21,2022,70.88
Atlantic Ocean,2022-08-31,2022,69.28
Atlantic Ocean,2022-09-10,2022,80.78
Atlantic Ocean,2022-09-20,2022,94.58
Atlantic Ocean,2022-09-30,2022,96.88
Atlantic Ocean,2022-10-10,2022,90.58
Atlantic Ocean,2022-10-19,2022,90.78
Atlantic Ocean,2022-10-30,2022,96.38
Atlantic Ocean,2022-11-08,2022,101.28
Atlantic Ocean,2022-11-08,2022,3.19
Gulf Mexico,2012-01-02,2012,10.5
Gulf Mexico,2012-01-07,2012,10.36
Gulf Mexico,2012-01-12,2012,-22.4
Gulf Mexico,2012-01-17,2012,-4.44
Gulf Mexico,2012-01-22,2012,-18.8
Gulf Mexico,2012-01-27,2012,0.46
Gulf Mexico,2012-01-31,2012,-37.3
Gulf Mexico,2012-02-06,2012,0.16
Gulf Mexico,2012-02-10,2012,-15.8
Gulf Mexico,2012-02-16,2012,87.5
Gulf Mexico,2012-02-16,2012,-24.54
Gulf Mexico,2012-02-26,2012,-28.54
Gulf Mexico,2012-03-01,2012,-43.6
Gulf Mexico,2012-03-07,2012,-17.14
Gulf Mexico,2012-03-16,2012,6.86
Gulf Mexico,2012-03-26,2012,1.66
Gulf Mexico,2012-04-05,2012,12.66
Gulf Mexico,2012-04-15,2012,20.96
Gulf Mexico,2012-04-25,2012,27.06
Gulf Mexico,2012-05-05,2012,31.56
Gulf Mexico,2012-05-13,2012,28.6
Gulf Mexico,2012-05-15,2012,56.26
Gulf Mexico,2012-05-24,2012,30.7
Gulf Mexico,2012-05-25,2012,35.86
Gulf Mexico,2012-06-04,2012,49.3
Gulf Mexico,2012-06-04,2012,43.76
Gulf Mexico,2012-06-14,2012,85.56
Gulf Mexico,2012-06-15,2012,87.4
Gulf Mexico,2012-06-22,2012,74.8
Gulf Mexico,2012-06-24,2012,92.76
Gulf Mexico,2012-06-30,2012,105.8
Gulf Mexico,2012-07-04,2012,106.86
Gulf Mexico,2012-07-11,2012,57.7
Gulf Mexico,2012-07-14,2012,73.66
Gulf Mexico,2012-07-22,2012,81.9
Gulf Mexico,2012-07-24,2012,106.46
Gulf Mexico,2012-08-01,2012,104.8
Gulf Mexico,2012-08-02,2012,101.76
Gulf Mexico,2012-08-09,2012,75.7
Gulf Mexico,2012-08-12,2012,96.86
Gulf Mexico,2012-08-17,2012,117.4
Gulf Mexico,2012-08-22,2012,101.76
Gulf Mexico,2012-08-28,2012,144.6
Gulf Mexico,2012-09-02,2012,118.36
Gulf Mexico,2012-09-07,2012,124.4
Gulf Mexico,2012-09-11,2012,126.76
Gulf Mexico,2012-09-18,2012,102.4
Gulf Mexico,2012-09-21,2012,134.66
Gulf Mexico,2012-09-26,2012,76.5
Gulf Mexico,2012-10-01,2012,104.86
Gulf Mexico,2012-10-03,2012,97.0
Gulf Mexico,2012-10-11,2012,115.66
Gulf Mexico,2012-10-14,2012,94.0
Gulf Mexico,2012-10-21,2012,117.56
Gulf Mexico,2012-10-25,2012,106.0
Gulf Mexico,2012-10-31,2012,103.26
Gulf Mexico,2012-11-01,2012,108.4
Gulf Mexico,2012-11-09,2012,86.7
Gulf Mexico,2012-11-10,2012,89.46
Gulf Mexico,2012-11-20,2012,88.7
Gulf Mexico,2012-11-20,2012,87.36
Gulf Mexico,2012-11-30,2012,93.36
Gulf Mexico,2012-12-01,2012,83.3
Gulf Mexico,2012-12-10,2012,47.96
Gulf Mexico,2012-12-12,2012,57.7
Gulf Mexico,2012-12-19,2012,29.3
Gulf Mexico,2012-12-20,2012,39.36
Gulf Mexico,2012-12-27,2012,27.2
Gulf Mexico,2012-12-30,2012,24.86
Gulf Mexico,2013-01-07,2013,35.1
Gulf Mexico,2013-01-09,2013,31.66
Gulf Mexico,2013-01-18,2013,22.9
Gulf Mexico,2013-01-18,2013,22.56
Gulf Mexico,2013-01-28,2013,5.0
Gulf Mexico,2013-01-28,2013,8.36
Gulf Mexico,2013-02-05,2013,-20.0
Gulf Mexico,2013-02-07,2013,11.16
Gulf Mexico,2013-02-12,2013,0.4
Gulf Mexico,2013-02-17,2013,-27.84
Gulf Mexico,2013-02-23,2013,-37.8
Gulf Mexico,2013-02-27,2013,-33.64
Gulf Mexico,2013-03-09,2013,-2.74
Gulf Mexico,2013-03-19,2013,21.96
Gulf Mexico,2013-03-22,2013,75.6
Gulf Mexico,2013-03-24,2013,-1.5
Gulf Mexico,2013-04-01,2013,-2.3
Gulf Mexico,2013-04-12,2013,-5.7
Gulf Mexico,2013-04-17,2013,2.96
Gulf Mexico,2013-04-22,2013,0.3
Gulf Mexico,2013-04-27,2013,17.06
Gulf Mexico,2013-04-30,2013,11.7
Gulf Mexico,2013-05-07,2013,24.96
Gulf Mexico,2013-05-08,2013,11.9
Gulf Mexico,2013-05-17,2013,17.36
Gulf Mexico,2013-05-19,2013,20.4
Gulf Mexico,2013-05-27,2013,31.46
Gulf Mexico,2013-05-29,2013,18.6
Gulf Mexico,2013-06-06,2013,10.96
Gulf Mexico,2013-06-09,2013,-14.3
Gulf Mexico,2013-06-16,2013,24.9
Gulf Mexico,2013-06-16,2013,25.76
Gulf Mexico,2013-06-26,2013,50.56
Gulf Mexico,2013-07-06,2013,79.46
Gulf Mexico,2013-07-16,2013,67.06
Gulf Mexico,2013-07-26,2013,55.46
Gulf Mexico,2013-08-05,2013,58.76
Gulf Mexico,2013-08-14,2013,72.66
Gulf Mexico,2013-08-24,2013,91.06
Gulf Mexico,2013-09-02,2013,112.46
Gulf Mexico,2013-09-16,2013,69.96
Gulf Mexico,2013-09-23,2013,83.46
Gulf Mexico,2013-10-03,2013,94.86
Gulf Mexico,2013-10-13,2013,102.76
Gulf Mexico,2013-10-23,2013,111.86
Gulf Mexico,2013-11-02,2013,124.56
Gulf Mexico,2013-11-11,2013,87.66
Gulf Mexico,2013-11-21,2013,95.66
Gulf Mexico,2013-12-01,2013,70.76
Gulf Mexico,2013-12-11,2013,75.76
Gulf Mexico,2013-12-21,2013,32.76
Gulf Mexico,2013-12-31,2013,28.76
Gulf Mexico,2014-01-10,2014,-12.74
Gulf Mexico,2014-01-20,2014,-11.24
Gulf Mexico,2014-01-30,2014,-3.24
Gulf Mexico,2014-02-09,2014,-7.34
Gulf Mexico,2014-02-19,2014,-26.54
Gulf Mexico,2014-03-01,2014,-29.54
Gulf Mexico,2014-03-11,2014,-35.64
Gulf Mexico,2014-03-20,2014,-40.94
Gulf Mexico,2014-03-30,2014,-23.64
Gulf Mexico,2014-04-09,2014,-15.34
Gulf Mexico,2014-04-19,2014,-11.64
Gulf Mexico,2014-04-29,2014,26.76
Gulf Mexico,2014-05-09,2014,43.86
Gulf Mexico,2014-05-19,2014,11.96
Gulf Mexico,2014-05-29,2014,13.56
Gulf Mexico,2014-06-08,2014,13.06
Gulf Mexico,2014-06-18,2014,49.76
Gulf Mexico,2014-06-28,2014,71.76
Gulf Mexico,2014-07-07,2014,78.46
Gulf Mexico,2014-07-17,2014,49.76
Gulf Mexico,2014-07-27,2014,61.36
Gulf Mexico,2014-08-06,2014,85.96
Gulf Mexico,2014-08-16,2014,97.06
Gulf Mexico,2014-08-26,2014,106.76
Gulf Mexico,2014-09-05,2014,120.06
Gulf Mexico,2014-09-15,2014,125.56
Gulf Mexico,2014-09-25,2014,119.06
Gulf Mexico,2014-10-05,2014,136.36
Gulf Mexico,2014-10-14,2014,135.26
Gulf Mexico,2014-10-25,2014,134.86
Gulf Mexico,2014-11-03,2014,105.66
Gulf Mexico,2014-11-13,2014,107.36
Gulf Mexico,2014-11-23,2014,101.56
Gulf Mexico,2014-12-03,2014,94.66
Gulf Mexico,2014-12-13,2014,68.56
Gulf Mexico,2014-12-23,2014,36.76
Gulf Mexico,2015-01-02,2015,40.36
Gulf Mexico,2015-01-12,2015,32.96
Gulf Mexico,2015-01-22,2015,28.36
Gulf Mexico,2015-01-31,2015,23.56
Gulf Mexico,2015-02-10,2015,0.66
Gulf Mexico,2015-02-20,2015,14.26
Gulf Mexico,2015-03-02,2015,-5.84
Gulf Mexico,2015-03-12,2015,-20.64
Gulf Mexico,2015-03-22,2015,3.86
Gulf Mexico,2015-04-01,2015,-24.94
Gulf Mexico,2015-04-11,2015,-10.64
Gulf Mexico,2015-04-21,2015,12.06
Gulf Mexico,2015-05-01,2015,52.06
Gulf Mexico,2015-05-11,2015,53.66
Gulf Mexico,2015-05-20,2015,51.76
Gulf Mexico,2015-05-30,2015,39.86
Gulf Mexico,2015-06-09,2015,54.86
Gulf Mexico,2015-06-19,2015,78.46
Gulf Mexico,2015-06-29,2015,99.26
Gulf Mexico,2015-07-09,2015,84.36
Gulf Mexico,2015-07-19,2015,105.26
Gulf Mexico,2015-07-29,2015,129.66
Gulf Mexico,2015-08-08,2015,122.06
Gulf Mexico,2015-08-18,2015,116.96
Gulf Mexico,2015-08-28,2015,141.86
Gulf Mexico,2015-09-07,2015,138.66
Gulf Mexico,2015-09-16,2015,130.26
Gulf Mexico,2015-09-26,2015,144.26
Gulf Mexico,2015-10-06,2015,167.86
Gulf Mexico,2015-10-16,2015,176.76
Gulf Mexico,2015-10-26,2015,152.26
Gulf Mexico,2015-11-05,2015,120.86
Gulf Mexico,2015-11-15,2015,129.86
Gulf Mexico,2015-11-25,2015,138.56
Gulf Mexico,2015-12-05,2015,129.36
Gulf Mexico,2015-12-14,2015,112.76
Gulf Mexico,2015-12-25,2015,112.86
Gulf Mexico,2016-01-03,2016,103.86
Gulf Mexico,2016-01-13,2016,74.46
Gulf Mexico,2016-01-23,2016,44.96
Gulf Mexico,2016-02-02,2016,51.16
Gulf Mexico,2016-02-12,2016,43.66
Gulf Mexico,2016-02-14,2016,44.26
Gulf Mexico,2016-02-22,2016,18.96
Gulf Mexico,2016-02-22,2016,7.46
Gulf Mexico,2016-03-03,2016,13.96
Gulf Mexico,2016-03-03,2016,7.86
Gulf Mexico,2016-03-12,2016,2.36
Gulf Mexico,2016-03-13,2016,-1.24
Gulf Mexico,2016-03-23,2016,-1.84
Gulf Mexico,2016-03-23,2016,7.26
Gulf Mexico,2016-04-01,2016,-1.84
Gulf Mexico,2016-04-02,2016,18.16
Gulf Mexico,2016-04-12,2016,34.06
Gulf Mexico,2016-04-12,2016,35.16
Gulf Mexico,2016-04-21,2016,82.36
Gulf Mexico,2016-04-22,2016,68.26
Gulf Mexico,2016-05-01,2016,102.26
Gulf Mexico,2016-05-02,2016,76.46
Gulf Mexico,2016-05-11,2016,100.26
Gulf Mexico,2016-05-12,2016,79.76
Gulf Mexico,2016-05-21,2016,70.36
Gulf Mexico,2016-05-22,2016,65.16
Gulf Mexico,2016-05-31,2016,65.96
Gulf Mexico,2016-05-31,2016,63.06
Gulf Mexico,2016-06-10,2016,82.36
Gulf Mexico,2016-06-11,2016,85.16
Gulf Mexico,2016-06-20,2016,86.46
Gulf Mexico,2016-06-20,2016,80.66
Gulf Mexico,2016-06-30,2016,99.16
Gulf Mexico,2016-06-30,2016,85.06
Gulf Mexico,2016-07-10,2016,107.36
Gulf Mexico,2016-07-10,2016,82.76
Gulf Mexico,2016-07-20,2016,129.96
Gulf Mexico,2016-07-20,2016,117.86
Gulf Mexico,2016-07-30,2016,128.26
Gulf Mexico,2016-07-30,2016,117.36
Gulf Mexico,2016-08-09,2016,125.96
Gulf Mexico,2016-08-09,2016,127.66
Gulf Mexico,2016-08-19,2016,108.86
Gulf Mexico,2016-08-19,2016,100.76
Gulf Mexico,2016-08-29,2016,130.86
Gulf Mexico,2016-08-29,2016,128.66
Gulf Mexico,2016-09-08,2016,135.46
Gulf Mexico,2016-09-08,2016,150.56
Gulf Mexico,2016-09-17,2016,147.36
Gulf Mexico,2016-09-18,2016,146.46
Gulf Mexico,2016-09-27,2016,153.96
Gulf Mexico,2016-09-28,2016,162.46
Gulf Mexico,2016-10-07,2016,156.86
Gulf Mexico,2016-10-15,2016,193.36
Gulf Mexico,2016-10-17,2016,172.46
Gulf Mexico,2016-10-22,2016,165.86
Gulf Mexico,2016-10-27,2016,189.96
Gulf Mexico,2016-11-01,2016,177.86
Gulf Mexico,2016-11-06,2016,178.96
Gulf Mexico,2016-11-11,2016,159.66
Gulf Mexico,2016-11-16,2016,170.16
Gulf Mexico,2016-11-21,2016,126.76
Gulf Mexico,2016-11-26,2016,111.96
Gulf Mexico,2016-12-01,2016,80.26
Gulf Mexico,2016-12-05,2016,98.36
Gulf Mexico,2016-12-11,2016,93.66
Gulf Mexico,2016-12-16,2016,103.26
Gulf Mexico,2016-12-21,2016,90.56
Gulf Mexico,2016-12-26,2016,90.26
Gulf Mexico,2016-12-31,2016,76.96
Gulf Mexico,2017-01-05,2017,82.96
Gulf Mexico,2017-01-10,2017,91.36
Gulf Mexico,2017-01-15,2017,75.06
Gulf Mexico,2017-01-20,2017,41.06
Gulf Mexico,2017-01-25,2017,27.96
Gulf Mexico,2017-01-30,2017,21.96
Gulf Mexico,2017-02-04,2017,8.76
Gulf Mexico,2017-02-09,2017,11.76
Gulf Mexico,2017-02-13,2017,-13.14
Gulf Mexico,2017-02-19,2017,18.86
Gulf Mexico,2017-02-23,2017,10.46
Gulf Mexico,2017-02-28,2017,34.86
Gulf Mexico,2017-03-05,2017,43.56
Gulf Mexico,2017-03-10,2017,26.26
Gulf Mexico,2017-03-15,2017,19.06
Gulf Mexico,2017-03-16,2017,59.16
Gulf Mexico,2017-03-25,2017,17.16
Gulf Mexico,2017-04-02,2017,30.86
Gulf Mexico,2017-04-04,2017,41.26
Gulf Mexico,2017-04-09,2017,36.96
Gulf Mexico,2017-04-14,2017,51.16
Gulf Mexico,2017-04-19,2017,64.86
Gulf Mexico,2017-04-24,2017,64.06
Gulf Mexico,2017-04-29,2017,71.66
Gulf Mexico,2017-05-04,2017,68.06
Gulf Mexico,2017-05-09,2017,47.66
Gulf Mexico,2017-05-14,2017,46.36
Gulf Mexico,2017-05-16,2017,45.16
Gulf Mexico,2017-05-24,2017,59.16
Gulf Mexico,2017-06-02,2017,70.96
Gulf Mexico,2017-06-12,2017,69.36
Gulf Mexico,2017-06-22,2017,80.16
Gulf Mexico,2017-07-02,2017,82.76
Gulf Mexico,2017-07-12,2017,86.76
Gulf Mexico,2017-07-22,2017,76.66
Gulf Mexico,2017-08-01,2017,119.06
Gulf Mexico,2017-08-11,2017,109.66
Gulf Mexico,2017-08-21,2017,93.86
Gulf Mexico,2017-08-31,2017,110.36
Gulf Mexico,2017-09-10,2017,115.96
Gulf Mexico,2017-09-19,2017,115.16
Gulf Mexico,2017-09-29,2017,149.86
Gulf Mexico,2017-10-09,2017,196.06
Gulf Mexico,2017-10-19,2017,185.96
Gulf Mexico,2017-10-29,2017,119.96
Gulf Mexico,2017-11-08,2017,116.76
Gulf Mexico,2017-11-18,2017,139.96
Gulf Mexico,2017-11-28,2017,109.36
Gulf Mexico,2017-12-08,2017,93.46
Gulf Mexico,2017-12-18,2017,46.26
Gulf Mexico,2017-12-27,2017,36.46
Gulf Mexico,2018-01-07,2018,26.36
Gulf Mexico,2018-01-16,2018,15.26
Gulf Mexico,2018-01-26,2018,9.26
Gulf Mexico,2018-02-05,2018,23.56
Gulf Mexico,2018-02-15,2018,24.26
Gulf Mexico,2018-02-25,2018,2.96
Gulf Mexico,2018-03-07,2018,36.76
Gulf Mexico,2018-03-17,2018,17.46
Gulf Mexico,2018-03-27,2018,42.86
Gulf Mexico,2018-04-06,2018,74.86
Gulf Mexico,2018-04-16,2018,47.16
Gulf Mexico,2018-04-25,2018,19.36
Gulf Mexico,2018-05-05,2018,24.56
Gulf Mexico,2018-05-15,2018,54.26
Gulf Mexico,2018-05-25,2018,69.96
Gulf Mexico,2018-06-04,2018,46.16
Gulf Mexico,2018-06-14,2018,44.06
Gulf Mexico,2018-06-24,2018,40.86
Gulf Mexico,2018-07-04,2018,62.26
Gulf Mexico,2018-07-14,2018,65.96
Gulf Mexico,2018-07-24,2018,67.76
Gulf Mexico,2018-08-03,2018,98.76
Gulf Mexico,2018-08-12,2018,100.96
Gulf Mexico,2018-08-22,2018,110.76
Gulf Mexico,2018-09-01,2018,130.26
Gulf Mexico,2018-09-11,2018,164.86
Gulf Mexico,2018-09-21,2018,162.96
Gulf Mexico,2018-10-01,2018,141.36
Gulf Mexico,2018-10-11,2018,190.96
Gulf Mexico,2018-10-21,2018,167.26
Gulf Mexico,2018-10-31,2018,133.56
Gulf Mexico,2018-11-10,2018,112.76
Gulf Mexico,2018-11-20,2018,119.06
Gulf Mexico,2018-11-30,2018,92.56
Gulf Mexico,2018-12-09,2018,79.06
Gulf Mexico,2018-12-19,2018,52.96
Gulf Mexico,2018-12-29,2018,43.16
Gulf Mexico,2019-01-08,2019,27.16
Gulf Mexico,2019-01-18,2019,35.96
Gulf Mexico,2019-01-28,2019,30.46
Gulf Mexico,2019-02-07,2019,56.96
Gulf Mexico,2019-02-17,2019,32.76
Gulf Mexico,2019-02-23,2019,8.76
Gulf Mexico,2019-03-10,2019,39.76
Gulf Mexico,2019-03-19,2019,48.96
Gulf Mexico,2019-03-28,2019,57.76
Gulf Mexico,2019-04-05,2019,57.26
Gulf Mexico,2019-04-17,2019,33.26
Gulf Mexico,2019-04-27,2019,56.66
Gulf Mexico,2019-05-07,2019,89.56
Gulf Mexico,2019-05-17,2019,105.16
Gulf Mexico,2019-05-27,2019,94.26
Gulf Mexico,2019-06-06,2019,101.76
Gulf Mexico,2019-06-16,2019,91.56
Gulf Mexico,2019-06-26,2019,91.96
Gulf Mexico,2019-07-05,2019,103.76
Gulf Mexico,2019-07-15,2019,99.06
Gulf Mexico,2019-07-25,2019,120.76
Gulf Mexico,2019-08-04,2019,111.66
Gulf Mexico,2019-08-14,2019,107.16
Gulf Mexico,2019-08-24,2019,118.26
Gulf Mexico,2019-09-03,2019,137.16
Gulf Mexico,2019-09-13,2019,152.46
Gulf Mexico,2019-09-23,2019,174.56
Gulf Mexico,2019-10-03,2019,212.56
Gulf Mexico,2019-10-12,2019,252.16
Gulf Mexico,2019-10-23,2019,209.66
Gulf Mexico,2019-11-01,2019,189.16
Gulf Mexico,2019-11-11,2019,191.76
Gulf Mexico,2019-11-21,2019,172.46
Gulf Mexico,2019-12-01,2019,125.06
Gulf Mexico,2019-12-11,2019,102.16
Gulf Mexico,2019-12-21,2019,71.96
Gulf Mexico,2019-12-31,2019,61.96
Gulf Mexico,2020-01-10,2020,70.86
Gulf Mexico,2020-01-20,2020,95.16
Gulf Mexico,2020-01-28,2020,67.56
Gulf Mexico,2020-02-08,2020,25.16
Gulf Mexico,2020-02-19,2020,65.56
Gulf Mexico,2020-02-28,2020,53.36
Gulf Mexico,2020-03-09,2020,41.66
Gulf Mexico,2020-03-19,2020,50.76
Gulf Mexico,2020-03-29,2020,59.66
Gulf Mexico,2020-04-08,2020,77.06
Gulf Mexico,2020-04-18,2020,102.16
Gulf Mexico,2020-04-28,2020,88.16
Gulf Mexico,2020-05-08,2020,72.06
Gulf Mexico,2020-05-18,2020,62.96
Gulf Mexico,2020-05-28,2020,95.26
Gulf Mexico,2020-06-07,2020,132.86
Gulf Mexico,2020-06-17,2020,120.06
Gulf Mexico,2020-06-27,2020,100.86
Gulf Mexico,2020-07-07,2020,92.76
Gulf Mexico,2020-07-16,2020,79.96
Gulf Mexico,2020-07-27,2020,110.46
Gulf Mexico,2020-08-06,2020,115.16
Gulf Mexico,2020-08-15,2020,114.76
Gulf Mexico,2020-08-25,2020,134.96
Gulf Mexico,2020-09-04,2020,150.06
Gulf Mexico,2020-09-14,2020,159.86
Gulf Mexico,2020-09-24,2020,215.16
Gulf Mexico,2020-10-04,2020,161.26
Gulf Mexico,2020-10-14,2020,166.86
Gulf Mexico,2020-10-23,2020,157.16
Gulf Mexico,2020-11-03,2020,157.36
Gulf Mexico,2020-11-13,2020,178.96
Gulf Mexico,2020-11-23,2020,155.66
Gulf Mexico,2020-12-03,2020,103.16
Gulf Mexico,2020-12-13,2020,66.06
Gulf Mexico,2020-12-22,2020,67.86
Gulf Mexico,2021-01-01,2021,32.76
Gulf Mexico,2021-01-11,2021,21.86
Gulf Mexico,2021-01-21,2021,5.66
Gulf Mexico,2021-01-31,2021,23.26
Gulf Mexico,2021-02-10,2021,43.76
Gulf Mexico,2021-02-20,2021,25.56
Gulf Mexico,2021-03-02,2021,17.96
Gulf Mexico,2021-03-12,2021,50.06
Gulf Mexico,2021-03-22,2021,46.06
Gulf Mexico,2021-04-01,2021,49.96
Gulf Mexico,2021-04-11,2021,63.56
Gulf Mexico,2021-04-20,2021,100.06
Gulf Mexico,2021-04-30,2021,79.56
Gulf Mexico,2021-05-10,2021,53.76
Gulf Mexico,2021-05-20,2021,82.66
Gulf Mexico,2021-05-30,2021,65.66
Gulf Mexico,2021-06-09,2021,91.76
Gulf Mexico,2021-06-19,2021,94.66
Gulf Mexico,2021-06-29,2021,77.46
Gulf Mexico,2021-07-09,2021,80.66
Gulf Mexico,2021-07-19,2021,96.66
Gulf Mexico,2021-07-29,2021,94.26
Gulf Mexico,2021-08-08,2021,111.26
Gulf Mexico,2021-08-17,2021,127.16
Gulf Mexico,2021-08-27,2021,142.56
Gulf Mexico,2021-09-06,2021,138.96
Gulf Mexico,2021-09-16,2021,150.16
Gulf Mexico,2021-09-26,2021,165.26
Gulf Mexico,2021-10-06,2021,165.06
Gulf Mexico,2021-10-16,2021,184.56
Gulf Mexico,2021-10-26,2021,189.66
Gulf Mexico,2021-11-05,2021,156.26
Gulf Mexico,2021-11-15,2021,159.56
Gulf Mexico,2021-11-24,2021,135.26
Gulf Mexico,2021-12-04,2021,121.06
Gulf Mexico,2021-12-14,2021,99.76
Gulf Mexico,2021-12-24,2021,86.26
Gulf Mexico,2022-01-03,2022,96.96
Gulf Mexico,2022-01-13,2022,77.56
Gulf Mexico,2022-01-23,2022,69.46
Gulf Mexico,2022-02-02,2022,87.86
Gulf Mexico,2022-02-12,2022,62.06
Gulf Mexico,2022-02-22,2022,64.46
Gulf Mexico,2022-03-04,2022,51.86
Gulf Mexico,2022-03-13,2022,44.16
Gulf Mexico,2022-03-24,2022,55.06
Gulf Mexico,2022-04-02,2022,33.06
Gulf Mexico,2022-04-27,2022,29.96
Gulf Mexico,2022-05-04,2022,62.76
Gulf Mexico,2022-05-14,2022,117.16
Gulf Mexico,2022-05-24,2022,104.16
Gulf Mexico,2022-06-03,2022,111.76
Gulf Mexico,2022-06-13,2022,103.26
Gulf Mexico,2022-06-23,2022,121.06
Gulf Mexico,2022-07-03,2022,120.56
Gulf Mexico,2022-07-12,2022,116.96
Gulf Mexico,2022-07-22,2022,154.06
Gulf Mexico,2022-08-01,2022,182.36
Gulf Mexico,2022-08-11,2022,173.96
Gulf Mexico,2022-08-21,2022,146.36
Gulf Mexico,2022-08-31,2022,161.16
Gulf Mexico,2022-09-10,2022,171.56
Gulf Mexico,2022-09-20,2022,182.26
Gulf Mexico,2022-09-30,2022,191.56
Gulf Mexico,2022-10-09,2022,188.86
Gulf Mexico,2022-10-19,2022,178.96
Gulf Mexico,2022-10-30,2022,154.86
Gulf Mexico,2022-11-08,2022,184.66
Gulf Mexico,2022-11-08,2022,4.29
North Atlantic,2012-01-02,2012,25.99
North Atlantic,2012-01-07,2012,17.41
North Atlantic,2012-01-12,2012,12.09
North Atlantic,2012-01-17,2012,9.91
North Atlantic,2012-01-22,2012,9.49
North Atlantic,2012-01-27,2012,-4.19
North Atlantic,2012-02-01,2012,-2.31
North Atlantic,2012-02-06,2012,-2.09
North Atlantic,2012-02-11,2012,-0.71
North Atlantic,2012-02-16,2012,9.19
North Atlantic,2012-02-16,2012,-11.89
North Atlantic,2012-02-26,2012,-26.09
North Atlantic,2012-03-02,2012,-43.11
North Atlantic,2012-03-07,2012,-22.59
North Atlantic,2012-03-17,2012,-17.59
North Atlantic,2012-03-27,2012,-21.19
North Atlantic,2012-04-06,2012,-18.89
North Atlantic,2012-04-15,2012,-19.39
North Atlantic,2012-04-25,2012,-21.89
North Atlantic,2012-05-05,2012,-17.09
North Atlantic,2012-05-13,2012,-4.01
North Atlantic,2012-05-15,2012,1.31
North Atlantic,2012-05-24,2012,-5.31
North Atlantic,2012-05-25,2012,0.31
North Atlantic,2012-06-03,2012,-8.91
North Atlantic,2012-06-04,2012,1.61
North Atlantic,2012-06-14,2012,5.91
North Atlantic,2012-06-15,2012,-4.01
North Atlantic,2012-06-22,2012,21.49
North Atlantic,2012-06-24,2012,24.41
North Atlantic,2012-06-29,2012,22.99
North Atlantic,2012-07-04,2012,28.21
North Atlantic,2012-07-10,2012,24.89
North Atlantic,2012-07-14,2012,35.91
North Atlantic,2012-07-21,2012,37.89
North Atlantic,2012-07-24,2012,43.81
North Atlantic,2012-08-01,2012,54.49
North Atlantic,2012-08-03,2012,61.01
North Atlantic,2012-08-09,2012,54.59
North Atlantic,2012-08-13,2012,69.11
North Atlantic,2012-08-16,2012,73.59
North Atlantic,2012-08-23,2012,92.01
North Atlantic,2012-08-27,2012,88.19
North Atlantic,2012-09-02,2012,94.91
North Atlantic,2012-09-07,2012,87.79
North Atlantic,2012-09-11,2012,89.71
North Atlantic,2012-09-18,2012,94.79
North Atlantic,2012-09-21,2012,87.31
North Atlantic,2012-09-25,2012,78.69
North Atlantic,2012-10-01,2012,94.81
North Atlantic,2012-10-03,2012,97.89
North Atlantic,2012-10-11,2012,97.31
North Atlantic,2012-10-14,2012,90.19
North Atlantic,2012-10-21,2012,100.71
North Atlantic,2012-10-25,2012,88.49
North Atlantic,2012-10-31,2012,91.11
North Atlantic,2012-11-01,2012,90.09
North Atlantic,2012-11-09,2012,79.79
North Atlantic,2012-11-10,2012,76.41
North Atlantic,2012-11-20,2012,59.49
North Atlantic,2012-11-20,2012,57.71
North Atlantic,2012-11-30,2012,56.69
North Atlantic,2012-11-30,2012,56.51
North Atlantic,2012-12-10,2012,42.91
North Atlantic,2012-12-11,2012,38.19
North Atlantic,2012-12-19,2012,31.29
North Atlantic,2012-12-20,2012,33.81
North Atlantic,2012-12-26,2012,26.49
North Atlantic,2012-12-30,2012,22.81
North Atlantic,2013-01-06,2013,21.89
North Atlantic,2013-01-09,2013,20.01
North Atlantic,2013-01-17,2013,17.39
North Atlantic,2013-01-19,2013,11.91
North Atlantic,2013-01-28,2013,18.49
North Atlantic,2013-01-29,2013,12.51
North Atlantic,2013-02-04,2013,15.19
North Atlantic,2013-02-07,2013,14.71
North Atlantic,2013-02-12,2013,-6.11
North Atlantic,2013-02-17,2013,-17.89
North Atlantic,2013-02-23,2013,-25.11
North Atlantic,2013-02-27,2013,-23.69
North Atlantic,2013-03-09,2013,-25.59
North Atlantic,2013-03-19,2013,-31.99
North Atlantic,2013-03-21,2013,-21.41
North Atlantic,2013-03-24,2013,-36.21
North Atlantic,2013-03-31,2013,-28.11
North Atlantic,2013-04-11,2013,-52.51
North Atlantic,2013-04-18,2013,-29.99
North Atlantic,2013-04-22,2013,-27.01
North Atlantic,2013-04-28,2013,-21.79
North Atlantic,2013-04-30,2013,-29.71
North Atlantic,2013-05-07,2013,-13.41
North Atlantic,2013-05-08,2013,-7.19
North Atlantic,2013-05-18,2013,-10.71
North Atlantic,2013-05-18,2013,-10.79
North Atlantic,2013-05-27,2013,-22.59
North Atlantic,2013-05-29,2013,-26.11
North Atlantic,2013-06-06,2013,-16.99
North Atlantic,2013-06-09,2013,-20.51
North Atlantic,2013-06-16,2013,-3.21
North Atlantic,2013-06-16,2013,2.71
North Atlantic,2013-06-26,2013,10.31
North Atlantic,2013-07-06,2013,37.61
North Atlantic,2013-07-16,2013,50.21
North Atlantic,2013-07-26,2013,41.61
North Atlantic,2013-08-05,2013,56.01
North Atlantic,2013-08-15,2013,70.61
North Atlantic,2013-08-25,2013,76.51
North Atlantic,2013-09-02,2013,79.51
North Atlantic,2013-09-16,2013,77.51
North Atlantic,2013-09-23,2013,76.81
North Atlantic,2013-10-03,2013,78.61
North Atlantic,2013-10-13,2013,86.61
North Atlantic,2013-10-23,2013,76.91
North Atlantic,2013-11-02,2013,96.51
North Atlantic,2013-11-12,2013,73.41
North Atlantic,2013-11-22,2013,67.61
North Atlantic,2013-12-02,2013,58.31
North Atlantic,2013-12-11,2013,58.81
North Atlantic,2013-12-21,2013,48.01
North Atlantic,2013-12-31,2013,29.01
North Atlantic,2014-01-10,2014,25.71
North Atlantic,2014-01-20,2014,14.61
North Atlantic,2014-01-30,2014,2.21
North Atlantic,2014-02-09,2014,-14.89
North Atlantic,2014-02-19,2014,-18.19
North Atlantic,2014-03-01,2014,-13.89
North Atlantic,2014-03-11,2014,-30.49
North Atlantic,2014-03-21,2014,-33.09
North Atlantic,2014-03-31,2014,-38.89
North Atlantic,2014-04-09,2014,-33.49
North Atlantic,2014-04-19,2014,-22.79
North Atlantic,2014-04-29,2014,-25.59
North Atlantic,2014-05-09,2014,-0.69
North Atlantic,2014-05-19,2014,-12.29
North Atlantic,2014-05-29,2014,-8.89
North Atlantic,2014-06-08,2014,-10.89
North Atlantic,2014-06-18,2014,14.91
North Atlantic,2014-06-28,2014,29.31
North Atlantic,2014-07-08,2014,37.71
North Atlantic,2014-07-18,2014,36.31
North Atlantic,2014-07-28,2014,49.51
North Atlantic,2014-08-06,2014,63.31
North Atlantic,2014-08-16,2014,62.01
North Atlantic,2014-08-26,2014,70.41
North Atlantic,2014-09-05,2014,82.01
North Atlantic,2014-09-15,2014,84.81
North Atlantic,2014-09-25,2014,86.41
North Atlantic,2014-10-05,2014,85.81
North Atlantic,2014-10-15,2014,75.81
North Atlantic,2014-10-25,2014,79.71
North Atlantic,2014-11-04,2014,72.21
North Atlantic,2014-11-14,2014,80.11
North Atlantic,2014-11-23,2014,67.61
North Atlantic,2014-12-03,2014,75.91
North Atlantic,2014-12-13,2014,57.71
North Atlantic,2014-12-24,2014,32.81
North Atlantic,2015-01-02,2015,23.61
North Atlantic,2015-01-12,2015,23.11
North Atlantic,2015-01-22,2015,18.91
North Atlantic,2015-02-01,2015,17.41
North Atlantic,2015-02-11,2015,-0.19
North Atlantic,2015-02-21,2015,9.91
North Atlantic,2015-03-02,2015,-2.59
North Atlantic,2015-03-12,2015,-0.69
North Atlantic,2015-03-22,2015,-8.49
North Atlantic,2015-04-01,2015,-14.59
North Atlantic,2015-04-11,2015,-15.49
North Atlantic,2015-04-21,2015,-12.69
North Atlantic,2015-05-01,2015,-9.19
North Atlantic,2015-05-11,2015,-4.29
North Atlantic,2015-05-21,2015,-4.59
North Atlantic,2015-05-31,2015,8.71
North Atlantic,2015-06-10,2015,3.61
North Atlantic,2015-06-19,2015,16.11
North Atlantic,2015-06-29,2015,35.11
North Atlantic,2015-07-09,2015,41.71
North Atlantic,2015-07-19,2015,56.21
North Atlantic,2015-07-29,2015,58.41
North Atlantic,2015-08-08,2015,76.11
North Atlantic,2015-08-18,2015,84.91
North Atlantic,2015-08-28,2015,90.51
North Atlantic,2015-09-07,2015,95.31
North Atlantic,2015-09-17,2015,93.81
North Atlantic,2015-09-27,2015,93.81
North Atlantic,2015-10-06,2015,109.81
North Atlantic,2015-10-16,2015,102.21
North Atlantic,2015-10-26,2015,97.91
North Atlantic,2015-11-05,2015,79.81
North Atlantic,2015-11-15,2015,78.81
North Atlantic,2015-11-25,2015,72.91
North Atlantic,2015-12-05,2015,72.71
North Atlantic,2015-12-15,2015,55.91
North Atlantic,2015-12-25,2015,53.41
North Atlantic,2016-01-04,2016,37.91
North Atlantic,2016-01-14,2016,28.51
North Atlantic,2016-01-24,2016,27.21
North Atlantic,2016-02-03,2016,34.61
North Atlantic,2016-02-12,2016,11.91
North Atlantic,2016-02-15,2016,7.1
North Atlantic,2016-02-22,2016,11.11
North Atlantic,2016-02-22,2016,8.2
North Atlantic,2016-03-03,2016,6.41
North Atlantic,2016-03-03,2016,5.5
North Atlantic,2016-03-12,2016,-14.8
North Atlantic,2016-03-13,2016,-17.19
North Atlantic,2016-03-23,2016,-19.59
North Atlantic,2016-03-23,2016,-18.2
North Atlantic,2016-04-02,2016,-12.19
North Atlantic,2016-04-02,2016,-10.4
North Atlantic,2016-04-12,2016,-9.69
North Atlantic,2016-04-12,2016,-6.0
North Atlantic,2016-04-22,2016,10.61
North Atlantic,2016-04-22,2016,12.4
North Atlantic,2016-05-02,2016,15.71
North Atlantic,2016-05-02,2016,16.5
North Atlantic,2016-05-12,2016,16.21
North Atlantic,2016-05-12,2016,18.3
North Atlantic,2016-05-22,2016,5.91
North Atlantic,2016-05-22,2016,6.6
North Atlantic,2016-06-01,2016,-3.89
North Atlantic,2016-06-01,2016,-3.8
North Atlantic,2016-06-11,2016,16.71
North Atlantic,2016-06-11,2016,15.5
North Atlantic,2016-06-21,2016,30.11
North Atlantic,2016-06-21,2016,28.9
North Atlantic,2016-07-01,2016,41.51
North Atlantic,2016-07-01,2016,38.6
North Atlantic,2016-07-11,2016,47.11
North Atlantic,2016-07-11,2016,44.0
North Atlantic,2016-07-20,2016,71.41
North Atlantic,2016-07-20,2016,65.8
North Atlantic,2016-07-30,2016,72.21
North Atlantic,2016-07-30,2016,66.8
North Atlantic,2016-08-09,2016,80.91
North Atlantic,2016-08-09,2016,76.9
North Atlantic,2016-08-19,2016,83.11
North Atlantic,2016-08-19,2016,79.5
North Atlantic,2016-08-29,2016,94.71
North Atlantic,2016-08-29,2016,91.9
North Atlantic,2016-09-08,2016,94.31
North Atlantic,2016-09-08,2016,96.9
North Atlantic,2016-09-18,2016,105.81
North Atlantic,2016-09-18,2016,106.7
North Atlantic,2016-09-28,2016,107.71
North Atlantic,2016-09-28,2016,110.0
North Atlantic,2016-10-08,2016,106.2
North Atlantic,2016-10-16,2016,97.01
North Atlantic,2016-10-18,2016,96.5
North Atlantic,2016-10-23,2016,101.91
North Atlantic,2016-10-28,2016,111.5
North Atlantic,2016-11-02,2016,109.21
North Atlantic,2016-11-07,2016,100.2
North Atlantic,2016-11-12,2016,86.81
North Atlantic,2016-11-17,2016,86.6
North Atlantic,2016-11-22,2016,80.91
North Atlantic,2016-11-27,2016,76.6
North Atlantic,2016-12-01,2016,69.91
North Atlantic,2016-12-06,2016,72.8
North Atlantic,2016-12-11,2016,76.91
North Atlantic,2016-12-16,2016,83.6
North Atlantic,2016-12-21,2016,74.01
North Atlantic,2016-12-26,2016,60.4
North Atlantic,2016-12-31,2016,56.81
North Atlantic,2017-01-05,2017,49.0
North Atlantic,2017-01-10,2017,47.81
North Atlantic,2017-01-15,2017,35.9
North Atlantic,2017-01-20,2017,28.51
North Atlantic,2017-01-25,2017,24.4
North Atlantic,2017-01-30,2017,21.01
North Atlantic,2017-02-04,2017,16.9
North Atlantic,2017-02-09,2017,6.91
North Atlantic,2017-02-14,2017,7.9
North Atlantic,2017-02-19,2017,10.61
North Atlantic,2017-02-24,2017,18.0
North Atlantic,2017-03-01,2017,8.61
North Atlantic,2017-03-06,2017,7.3
North Atlantic,2017-03-11,2017,-3.79
North Atlantic,2017-03-16,2017,-4.99
North Atlantic,2017-03-16,2017,-4.0
North Atlantic,2017-03-26,2017,-0.5
North Atlantic,2017-04-02,2017,-4.29
North Atlantic,2017-04-05,2017,6.1
North Atlantic,2017-04-09,2017,14.21
North Atlantic,2017-04-14,2017,13.3
North Atlantic,2017-04-19,2017,19.01
North Atlantic,2017-04-24,2017,12.4
North Atlantic,2017-04-29,2017,5.91
North Atlantic,2017-05-04,2017,5.2
North Atlantic,2017-05-09,2017,7.81
North Atlantic,2017-05-14,2017,15.5
North Atlantic,2017-05-16,2017,9.51
North Atlantic,2017-05-24,2017,20.5
North Atlantic,2017-06-03,2017,19.1
North Atlantic,2017-06-13,2017,29.7
North Atlantic,2017-06-23,2017,41.3
North Atlantic,2017-07-03,2017,57.6
North Atlantic,2017-07-13,2017,66.2
North Atlantic,2017-07-22,2017,56.0
North Atlantic,2017-08-01,2017,82.4
North Atlantic,2017-08-11,2017,86.5
North Atlantic,2017-08-21,2017,90.3
North Atlantic,2017-08-31,2017,98.1
North Atlantic,2017-09-10,2017,118.5
North Atlantic,2017-09-20,2017,121.2
North Atlantic,2017-09-30,2017,114.1
North Atlantic,2017-10-10,2017,115.7
North Atlantic,2017-10-20,2017,107.1
North Atlantic,2017-10-30,2017,91.5
North Atlantic,2017-11-09,2017,105.3
North Atlantic,2017-11-18,2017,103.9
North Atlantic,2017-11-28,2017,86.1
North Atlantic,2017-12-08,2017,80.6
North Atlantic,2017-12-18,2017,76.1
North Atlantic,2017-12-28,2017,74.8
North Atlantic,2018-01-07,2018,68.2
North Atlantic,2018-01-17,2018,67.1
North Atlantic,2018-01-27,2018,50.7
North Atlantic,2018-02-06,2018,51.6
North Atlantic,2018-02-16,2018,40.0
North Atlantic,2018-02-25,2018,13.4
North Atlantic,2018-03-07,2018,3.6
North Atlantic,2018-03-17,2018,2.3
North Atlantic,2018-03-27,2018,14.8
North Atlantic,2018-04-06,2018,11.5
North Atlantic,2018-04-16,2018,4.5
North Atlantic,2018-04-26,2018,-7.0
North Atlantic,2018-05-06,2018,11.1
North Atlantic,2018-05-16,2018,26.7
North Atlantic,2018-05-26,2018,28.7
North Atlantic,2018-06-05,2018,28.5
North Atlantic,2018-06-15,2018,16.5
North Atlantic,2018-06-24,2018,38.3
North Atlantic,2018-07-04,2018,54.2
North Atlantic,2018-07-14,2018,52.9
North Atlantic,2018-07-24,2018,70.7
North Atlantic,2018-08-03,2018,90.6
North Atlantic,2018-08-13,2018,87.7
North Atlantic,2018-08-23,2018,97.5
North Atlantic,2018-09-02,2018,115.0
North Atlantic,2018-09-12,2018,137.3
North Atlantic,2018-09-22,2018,134.0
North Atlantic,2018-10-02,2018,122.3
North Atlantic,2018-10-11,2018,118.7
North Atlantic,2018-10-21,2018,115.0
North Atlantic,2018-10-31,2018,112.6
North Atlantic,2018-11-10,2018,112.8
North Atlantic,2018-11-20,2018,106.4
North Atlantic,2018-11-30,2018,104.7
North Atlantic,2018-12-10,2018,76.6
North Atlantic,2018-12-20,2018,59.4
North Atlantic,2018-12-30,2018,60.1
North Atlantic,2019-01-09,2019,44.3
North Atlantic,2019-01-18,2019,51.8
North Atlantic,2019-01-28,2019,38.8
North Atlantic,2019-02-07,2019,30.5
North Atlantic,2019-02-17,2019,31.3
North Atlantic,2019-02-23,2019,32.5
North Atlantic,2019-03-10,2019,19.2
North Atlantic,2019-03-19,2019,12.3
North Atlantic,2019-03-29,2019,23.3
North Atlantic,2019-04-06,2019,20.9
North Atlantic,2019-04-18,2019,17.0
North Atlantic,2019-04-28,2019,21.3
North Atlantic,2019-05-07,2019,28.7
North Atlantic,2019-05-17,2019,33.3
North Atlantic,2019-05-27,2019,34.7
North Atlantic,2019-06-06,2019,37.9
North Atlantic,2019-06-16,2019,38.9
North Atlantic,2019-06-26,2019,48.9
North Atlantic,2019-07-06,2019,66.2
North Atlantic,2019-07-16,2019,70.3
North Atlantic,2019-07-26,2019,90.0
North Atlantic,2019-08-05,2019,84.7
North Atlantic,2019-08-15,2019,93.7
North Atlantic,2019-08-24,2019,104.4
North Atlantic,2019-09-03,2019,109.9
North Atlantic,2019-09-13,2019,111.1
North Atlantic,2019-09-23,2019,125.1
North Atlantic,2019-10-03,2019,130.6
North Atlantic,2019-10-13,2019,130.4
North Atlantic,2019-10-23,2019,118.9
North Atlantic,2019-11-02,2019,116.9
North Atlantic,2019-11-12,2019,117.8
North Atlantic,2019-11-22,2019,114.4
North Atlantic,2019-12-02,2019,100.7
North Atlantic,2019-12-11,2019,80.3
North Atlantic,2019-12-21,2019,70.9
North Atlantic,2019-12-31,2019,66.8
North Atlantic,2020-01-10,2020,75.0
North Atlantic,2020-01-20,2020,64.9
North Atlantic,2020-01-28,2020,47.0
North Atlantic,2020-02-10,2020,44.3
North Atlantic,2020-02-19,2020,38.4
North Atlantic,2020-02-29,2020,32.1
North Atlantic,2020-03-10,2020,34.0
North Atlantic,2020-03-20,2020,23.7
North Atlantic,2020-03-30,2020,18.5
North Atlantic,2020-04-09,2020,13.3
North Atlantic,2020-04-19,2020,16.1
North Atlantic,2020-04-29,2020,13.3
North Atlantic,2020-05-09,2020,7.2
North Atlantic,2020-05-18,2020,0.3
North Atlantic,2020-05-28,2020,45.4
North Atlantic,2020-06-07,2020,45.1
North Atlantic,2020-06-17,2020,38.9
North Atlantic,2020-06-27,2020,55.9
North Atlantic,2020-07-07,2020,59.1
North Atlantic,2020-07-17,2020,78.6
North Atlantic,2020-07-27,2020,87.3
North Atlantic,2020-08-06,2020,105.6
North Atlantic,2020-08-16,2020,98.9
North Atlantic,2020-08-26,2020,108.2
North Atlantic,2020-09-05,2020,124.7
North Atlantic,2020-09-15,2020,122.2
North Atlantic,2020-09-25,2020,117.2
North Atlantic,2020-10-05,2020,117.8
North Atlantic,2020-10-14,2020,115.8
North Atlantic,2020-10-24,2020,120.6
North Atlantic,2020-11-04,2020,111.8
North Atlantic,2020-11-13,2020,129.6
North Atlantic,2020-11-23,2020,112.7
North Atlantic,2020-12-03,2020,99.1
North Atlantic,2020-12-13,2020,82.2
North Atlantic,2020-12-23,2020,86.1
North Atlantic,2021-01-02,2021,66.3
North Atlantic,2021-01-12,2021,54.0
North Atlantic,2021-01-22,2021,57.1
North Atlantic,2021-02-01,2021,48.8
North Atlantic,2021-02-11,2021,38.8
North Atlantic,2021-02-20,2021,31.2
North Atlantic,2021-03-02,2021,13.7
North Atlantic,2021-03-12,2021,13.6
North Atlantic,2021-03-22,2021,8.2
North Atlantic,2021-04-01,2021,12.4
North Atlantic,2021-04-11,2021,27.8
North Atlantic,2021-04-21,2021,31.9
North Atlantic,2021-05-01,2021,28.1
North Atlantic,2021-05-11,2021,28.4
North Atlantic,2021-05-21,2021,25.2
North Atlantic,2021-05-31,2021,31.0
North Atlantic,2021-06-09,2021,57.4
North Atlantic,2021-06-19,2021,64.2
North Atlantic,2021-06-29,2021,48.2
North Atlantic,2021-07-09,2021,63.1
North Atlantic,2021-07-19,2021,84.2
North Atlantic,2021-07-29,2021,99.5
North Atlantic,2021-08-08,2021,108.9
North Atlantic,2021-08-18,2021,108.2
North Atlantic,2021-08-28,2021,109.3
North Atlantic,2021-09-07,2021,111.2
North Atlantic,2021-09-17,2021,121.2
North Atlantic,2021-09-26,2021,130.0
North Atlantic,2021-10-06,2021,146.1
North Atlantic,2021-10-16,2021,148.8
North Atlantic,2021-10-26,2021,145.6
North Atlantic,2021-11-05,2021,129.6
North Atlantic,2021-11-15,2021,130.1
North Atlantic,2021-11-25,2021,116.9
North Atlantic,2021-12-05,2021,96.2
North Atlantic,2021-12-15,2021,104.9
North Atlantic,2021-12-25,2021,85.5
North Atlantic,2022-01-03,2022,83.2
North Atlantic,2022-01-14,2022,71.0
North Atlantic,2022-01-23,2022,54.4
North Atlantic,2022-02-02,2022,56.6
North Atlantic,2022-02-12,2022,41.8
North Atlantic,2022-02-21,2022,38.7
North Atlantic,2022-03-05,2022,21.7
North Atlantic,2022-03-14,2022,25.0
North Atlantic,2022-03-22,2022,11.8
North Atlantic,2022-04-03,2022,9.6
North Atlantic,2022-04-27,2022,-7.2
North Atlantic,2022-05-04,2022,15.8
North Atlantic,2022-05-14,2022,52.9
North Atlantic,2022-05-24,2022,40.0
North Atlantic,2022-06-03,2022,50.3
North Atlantic,2022-06-13,2022,71.3
North Atlantic,2022-06-23,2022,77.1
North Atlantic,2022-07-03,2022,74.1
North Atlantic,2022-07-13,2022,87.0
North Atlantic,2022-07-23,2022,102.1
North Atlantic,2022-08-02,2022,111.5
North Atlantic,2022-08-11,2022,106.9
North Atlantic,2022-08-21,2022,108.6
North Atlantic,2022-08-31,2022,111.3
North Atlantic,2022-09-10,2022,139.2
North Atlantic,2022-09-20,2022,141.7
North Atlantic,2022-09-30,2022,144.4
North Atlantic,2022-10-10,2022,136.1
North Atlantic,2022-10-19,2022,137.4
North Atlantic,2022-10-30,2022,135.5
North Atlantic,2022-11-08,2022,139.1
North Atlantic,2022-11-08,2022,2.83
North Pacific,2012-01-02,2012,14.37
North Pacific,2012-01-07,2012,20.61
North Pacific,2012-01-12,2012,16.47
North Pacific,2012-01-17,2012,10.21
North Pacific,2012-01-22,2012,-3.63
North Pacific,2012-01-27,2012,0.31
North Pacific,2012-02-01,2012,-7.23
North Pacific,2012-02-06,2012,-22.49
North Pacific,2012-02-11,2012,-32.13
North Pacific,2012-02-16,2012,-6.23
North Pacific,2012-02-16,2012,-8.29
North Pacific,2012-02-26,2012,1.61
North Pacific,2012-03-02,2012,-2.43
North Pacific,2012-03-06,2012,6.31
North Pacific,2012-03-16,2012,3.41
North Pacific,2012-03-26,2012,-3.89
North Pacific,2012-04-05,2012,-24.99
North Pacific,2012-04-15,2012,-26.19
North Pacific,2012-04-25,2012,-16.89
North Pacific,2012-05-05,2012,-6.59
North Pacific,2012-05-13,2012,-11.73
North Pacific,2012-05-15,2012,-7.09
North Pacific,2012-05-24,2012,0.77
North Pacific,2012-05-25,2012,14.21
North Pacific,2012-06-04,2012,0.27
North Pacific,2012-06-04,2012,10.01
North Pacific,2012-06-14,2012,18.01
North Pacific,2012-06-15,2012,11.97
North Pacific,2012-06-22,2012,22.57
North Pacific,2012-06-24,2012,22.11
North Pacific,2012-06-30,2012,21.47
North Pacific,2012-07-04,2012,30.01
North Pacific,2012-07-11,2012,41.07
North Pacific,2012-07-14,2012,52.21
North Pacific,2012-07-22,2012,65.87
North Pacific,2012-07-24,2012,71.91
North Pacific,2012-08-02,2012,75.47
North Pacific,2012-08-03,2012,77.91
North Pacific,2012-08-09,2012,81.67
North Pacific,2012-08-12,2012,78.51
North Pacific,2012-08-16,2012,73.27
North Pacific,2012-08-22,2012,73.51
North Pacific,2012-08-27,2012,82.77
North Pacific,2012-09-01,2012,92.41
North Pacific,2012-09-07,2012,93.87
North Pacific,2012-09-11,2012,93.21
North Pacific,2012-09-18,2012,91.67
North Pacific,2012-09-21,2012,101.51
North Pacific,2012-09-26,2012,108.97
North Pacific,2012-10-01,2012,110.81
North Pacific,2012-10-03,2012,107.47
North Pacific,2012-10-11,2012,90.71
North Pacific,2012-10-14,2012,87.17
North Pacific,2012-10-21,2012,69.21
North Pacific,2012-10-25,2012,64.97
North Pacific,2012-10-31,2012,67.71
North Pacific,2012-11-01,2012,65.47
North Pacific,2012-11-09,2012,81.87
North Pacific,2012-11-10,2012,80.51
North Pacific,2012-11-20,2012,77.37
North Pacific,2012-11-20,2012,70.91
North Pacific,2012-11-30,2012,56.71
North Pacific,2012-12-01,2012,56.57
North Pacific,2012-12-10,2012,58.81
North Pacific,2012-12-12,2012,60.77
North Pacific,2012-12-19,2012,44.27
North Pacific,2012-12-20,2012,43.61
North Pacific,2012-12-26,2012,25.47
North Pacific,2012-12-30,2012,26.91
North Pacific,2013-01-06,2013,31.97
North Pacific,2013-01-08,2013,37.91
North Pacific,2013-01-17,2013,21.57
North Pacific,2013-01-18,2013,22.61
North Pacific,2013-01-28,2013,15.37
North Pacific,2013-01-28,2013,14.31
North Pacific,2013-02-05,2013,0.17
North Pacific,2013-02-07,2013,2.81
North Pacific,2013-02-12,2013,2.07
North Pacific,2013-02-17,2013,-0.19
North Pacific,2013-02-23,2013,4.57
North Pacific,2013-02-27,2013,8.71
North Pacific,2013-03-09,2013,-7.49
North Pacific,2013-03-19,2013,-10.49
North Pacific,2013-03-22,2013,-12.13
North Pacific,2013-03-24,2013,-20.93
North Pacific,2013-04-01,2013,-18.53
North Pacific,2013-04-11,2013,-15.43
North Pacific,2013-04-18,2013,-5.79
North Pacific,2013-04-23,2013,-8.73
North Pacific,2013-04-28,2013,-11.29
North Pacific,2013-04-30,2013,-16.73
North Pacific,2013-05-07,2013,-16.93
North Pacific,2013-05-07,2013,-13.39
North Pacific,2013-05-17,2013,7.31
North Pacific,2013-05-18,2013,9.37
North Pacific,2013-05-27,2013,15.41
North Pacific,2013-05-29,2013,13.57
North Pacific,2013-06-06,2013,20.71
North Pacific,2013-06-09,2013,14.57
North Pacific,2013-06-16,2013,14.37
North Pacific,2013-06-16,2013,18.91
North Pacific,2013-06-26,2013,38.61
North Pacific,2013-07-06,2013,34.51
North Pacific,2013-07-16,2013,38.61
North Pacific,2013-07-26,2013,52.01
North Pacific,2013-08-05,2013,64.81
North Pacific,2013-08-14,2013,73.51
North Pacific,2013-08-24,2013,87.31
North Pacific,2013-09-02,2013,84.51
North Pacific,2013-09-16,2013,84.31
North Pacific,2013-09-23,2013,100.11
North Pacific,2013-10-03,2013,117.81
North Pacific,2013-10-13,2013,107.11
North Pacific,2013-10-23,2013,92.21
North Pacific,2013-11-02,2013,81.41
North Pacific,2013-11-12,2013,70.51
North Pacific,2013-11-22,2013,52.11
North Pacific,2013-12-01,2013,47.51
North Pacific,2013-12-11,2013,40.21
North Pacific,2013-12-21,2013,34.71
North Pacific,2013-12-31,2013,33.21
North Pacific,2014-01-10,2014,19.31
North Pacific,2014-01-20,2014,2.61
North Pacific,2014-01-30,2014,0.31
North Pacific,2014-02-09,2014,6.11
North Pacific,2014-02-19,2014,9.71
North Pacific,2014-03-01,2014,-6.59
North Pacific,2014-03-11,2014,9.31
North Pacific,2014-03-21,2014,13.51
North Pacific,2014-03-30,2014,5.71
North Pacific,2014-04-09,2014,12.31
North Pacific,2014-04-19,2014,6.81
North Pacific,2014-04-29,2014,8.11
North Pacific,2014-05-09,2014,3.81
North Pacific,2014-05-19,2014,9.01
North Pacific,2014-05-29,2014,14.51
North Pacific,2014-06-08,2014,20.71
North Pacific,2014-06-18,2014,40.71
North Pacific,2014-06-28,2014,48.81
North Pacific,2014-07-07,2014,44.01
North Pacific,2014-07-17,2014,58.11
North Pacific,2014-07-27,2014,68.51
North Pacific,2014-08-06,2014,82.71
North Pacific,2014-08-16,2014,99.01
North Pacific,2014-08-26,2014,99.01
North Pacific,2014-09-05,2014,106.81
North Pacific,2014-09-15,2014,103.41
North Pacific,2014-09-25,2014,95.81
North Pacific,2014-10-05,2014,96.51
North Pacific,2014-10-15,2014,102.81
North Pacific,2014-10-25,2014,100.61
North Pacific,2014-11-03,2014,96.91
North Pacific,2014-11-13,2014,68.61
North Pacific,2014-11-23,2014,58.91
North Pacific,2014-12-03,2014,47.61
North Pacific,2014-12-13,2014,58.71
North Pacific,2014-12-23,2014,55.61
North Pacific,2015-01-02,2015,34.21
North Pacific,2015-01-12,2015,19.41
North Pacific,2015-01-22,2015,12.31
North Pacific,2015-02-01,2015,1.21
North Pacific,2015-02-10,2015,-14.09
North Pacific,2015-02-20,2015,5.81
North Pacific,2015-03-02,2015,11.51
North Pacific,2015-03-12,2015,3.91
North Pacific,2015-03-22,2015,2.81
North Pacific,2015-04-01,2015,5.61
North Pacific,2015-04-11,2015,10.61
North Pacific,2015-04-21,2015,17.71
North Pacific,2015-05-01,2015,21.51
North Pacific,2015-05-11,2015,21.21
North Pacific,2015-05-21,2015,20.81
North Pacific,2015-05-30,2015,22.61
North Pacific,2015-06-09,2015,26.31
North Pacific,2015-06-19,2015,35.31
North Pacific,2015-06-29,2015,50.11
North Pacific,2015-07-09,2015,65.71
North Pacific,2015-07-19,2015,70.41
North Pacific,2015-07-29,2015,73.81
North Pacific,2015-08-08,2015,93.51
North Pacific,2015-08-18,2015,105.11
North Pacific,2015-08-28,2015,113.41
North Pacific,2015-09-07,2015,117.31
North Pacific,2015-09-16,2015,110.71
North Pacific,2015-09-26,2015,121.41
North Pacific,2015-10-06,2015,119.21
North Pacific,2015-10-16,2015,103.71
North Pacific,2015-10-26,2015,106.11
North Pacific,2015-11-05,2015,110.71
North Pacific,2015-11-15,2015,114.61
North Pacific,2015-11-25,2015,104.41
North Pacific,2015-12-05,2015,87.01
North Pacific,2015-12-15,2015,79.71
North Pacific,2015-12-25,2015,70.51
North Pacific,2016-01-03,2016,33.41
North Pacific,2016-01-13,2016,21.01
North Pacific,2016-01-23,2016,16.41
North Pacific,2016-02-02,2016,10.21
North Pacific,2016-02-12,2016,15.91
North Pacific,2016-02-14,2016,17.43
North Pacific,2016-02-22,2016,16.21
North Pacific,2016-02-22,2016,19.83
North Pacific,2016-03-03,2016,-1.49
North Pacific,2016-03-03,2016,3.23
North Pacific,2016-03-12,2016,-13.37
North Pacific,2016-03-13,2016,-17.69
North Pacific,2016-03-23,2016,6.11
North Pacific,2016-03-23,2016,9.33
North Pacific,2016-04-02,2016,5.51
North Pacific,2016-04-02,2016,6.23
North Pacific,2016-04-12,2016,4.11
North Pacific,2016-04-12,2016,7.93
North Pacific,2016-04-22,2016,8.01
North Pacific,2016-04-22,2016,10.13
North Pacific,2016-05-02,2016,11.61
North Pacific,2016-05-02,2016,11.23
North Pacific,2016-05-12,2016,10.81
North Pacific,2016-05-12,2016,7.33
North Pacific,2016-05-22,2016,19.81
North Pacific,2016-05-22,2016,15.53
North Pacific,2016-06-01,2016,37.31
North Pacific,2016-06-01,2016,35.03
North Pacific,2016-06-10,2016,48.41
North Pacific,2016-06-10,2016,46.73
North Pacific,2016-06-20,2016,39.81
North Pacific,2016-06-20,2016,39.13
North Pacific,2016-06-30,2016,51.01
North Pacific,2016-06-30,2016,47.03
North Pacific,2016-07-10,2016,63.41
North Pacific,2016-07-10,2016,59.23
North Pacific,2016-07-20,2016,64.41
North Pacific,2016-07-20,2016,62.83
North Pacific,2016-07-30,2016,78.21
North Pacific,2016-07-30,2016,74.23
North Pacific,2016-08-09,2016,93.11
North Pacific,2016-08-09,2016,92.53
North Pacific,2016-08-19,2016,98.71
North Pacific,2016-08-19,2016,98.83
North Pacific,2016-08-29,2016,104.81
North Pacific,2016-08-29,2016,103.83
North Pacific,2016-09-08,2016,110.11
North Pacific,2016-09-08,2016,109.73
North Pacific,2016-09-18,2016,108.11
North Pacific,2016-09-18,2016,109.63
North Pacific,2016-09-28,2016,111.61
North Pacific,2016-09-28,2016,111.63
North Pacific,2016-10-08,2016,111.63
North Pacific,2016-10-16,2016,119.71
North Pacific,2016-10-18,2016,116.23
North Pacific,2016-10-23,2016,117.71
North Pacific,2016-10-28,2016,108.03
North Pacific,2016-11-02,2016,94.01
North Pacific,2016-11-06,2016,96.13
North Pacific,2016-11-12,2016,89.01
North Pacific,2016-11-16,2016,95.43
North Pacific,2016-11-21,2016,92.31
North Pacific,2016-11-26,2016,99.73
North Pacific,2016-12-01,2016,93.51
North Pacific,2016-12-06,2016,92.13
North Pacific,2016-12-11,2016,73.11
North Pacific,2016-12-16,2016,75.83
North Pacific,2016-12-21,2016,76.11
North Pacific,2016-12-26,2016,72.93
North Pacific,2016-12-31,2016,51.11
North Pacific,2017-01-05,2017,35.43
North Pacific,2017-01-10,2017,15.41
North Pacific,2017-01-15,2017,23.73
North Pacific,2017-01-20,2017,22.71
North Pacific,2017-01-25,2017,20.93
North Pacific,2017-01-30,2017,7.01
North Pacific,2017-02-04,2017,-7.87
North Pacific,2017-02-09,2017,-15.59
North Pacific,2017-02-14,2017,-3.97
North Pacific,2017-02-19,2017,-2.29
North Pacific,2017-02-24,2017,-1.07
North Pacific,2017-03-01,2017,-8.79
North Pacific,2017-03-06,2017,-14.77
North Pacific,2017-03-10,2017,-16.49
North Pacific,2017-03-16,2017,-8.89
North Pacific,2017-03-16,2017,-10.17
North Pacific,2017-03-25,2017,-4.47
North Pacific,2017-04-02,2017,5.81
North Pacific,2017-04-04,2017,0.63
North Pacific,2017-04-09,2017,-6.79
North Pacific,2017-04-14,2017,-5.87
North Pacific,2017-04-19,2017,-2.59
North Pacific,2017-04-24,2017,-3.87
North Pacific,2017-04-29,2017,7.51
North Pacific,2017-05-04,2017,2.03
North Pacific,2017-05-09,2017,1.71
North Pacific,2017-05-14,2017,-5.37
North Pacific,2017-05-16,2017,2.51
North Pacific,2017-05-24,2017,-0.87
North Pacific,2017-06-03,2017,7.43
North Pacific,2017-06-13,2017,12.53
North Pacific,2017-06-23,2017,10.53
North Pacific,2017-07-02,2017,17.13
North Pacific,2017-07-12,2017,38.53
North Pacific,2017-07-22,2017,58.33
North Pacific,2017-08-01,2017,78.43
North Pacific,2017-08-11,2017,68.73
North Pacific,2017-08-21,2017,82.33
North Pacific,2017-08-31,2017,72.73
North Pacific,2017-09-10,2017,87.73
North Pacific,2017-09-20,2017,90.03
North Pacific,2017-09-30,2017,98.23
North Pacific,2017-10-10,2017,107.33
North Pacific,2017-10-19,2017,103.63
North Pacific,2017-10-29,2017,94.73
North Pacific,2017-11-08,2017,80.43
North Pacific,2017-11-18,2017,73.73
North Pacific,2017-11-28,2017,63.73
North Pacific,2017-12-08,2017,65.63
North Pacific,2017-12-18,2017,60.93
North Pacific,2017-12-28,2017,31.03
North Pacific,2018-01-07,2018,24.13
North Pacific,2018-01-17,2018,28.03
North Pacific,2018-01-27,2018,19.43
North Pacific,2018-02-05,2018,6.53
North Pacific,2018-02-15,2018,9.83
North Pacific,2018-02-25,2018,10.33
North Pacific,2018-03-07,2018,-10.07
North Pacific,2018-03-17,2018,-5.07
North Pacific,2018-03-27,2018,7.13
North Pacific,2018-04-06,2018,-0.77
North Pacific,2018-04-16,2018,9.03
North Pacific,2018-04-26,2018,17.33
North Pacific,2018-05-06,2018,15.43
North Pacific,2018-05-16,2018,16.53
North Pacific,2018-05-26,2018,20.93
North Pacific,2018-06-04,2018,40.43
North Pacific,2018-06-14,2018,50.53
North Pacific,2018-06-24,2018,44.93
North Pacific,2018-07-04,2018,63.73
North Pacific,2018-07-14,2018,86.33
North Pacific,2018-07-24,2018,88.13
North Pacific,2018-08-03,2018,99.03
North Pacific,2018-08-13,2018,119.23
North Pacific,2018-08-23,2018,113.03
North Pacific,2018-09-02,2018,110.23
North Pacific,2018-09-12,2018,119.13
North Pacific,2018-09-21,2018,120.83
North Pacific,2018-10-01,2018,121.23
North Pacific,2018-10-11,2018,112.93
North Pacific,2018-10-21,2018,109.03
North Pacific,2018-10-31,2018,111.13
North Pacific,2018-11-10,2018,109.43
North Pacific,2018-11-20,2018,94.83
North Pacific,2018-11-30,2018,91.63
North Pacific,2018-12-10,2018,80.83
North Pacific,2018-12-20,2018,72.13
North Pacific,2018-12-29,2018,86.43
North Pacific,2019-01-08,2019,48.33
North Pacific,2019-01-18,2019,37.03
North Pacific,2019-01-28,2019,37.83
North Pacific,2019-02-07,2019,42.23
North Pacific,2019-02-17,2019,34.63
North Pacific,2019-02-23,2019,18.73
North Pacific,2019-03-10,2019,24.53
North Pacific,2019-03-19,2019,26.03
North Pacific,2019-03-29,2019,13.93
North Pacific,2019-04-05,2019,17.13
North Pacific,2019-04-17,2019,18.23
North Pacific,2019-04-27,2019,8.43
North Pacific,2019-05-07,2019,16.13
North Pacific,2019-05-17,2019,20.83
North Pacific,2019-05-27,2019,32.53
North Pacific,2019-06-06,2019,16.63
North Pacific,2019-06-16,2019,47.43
North Pacific,2019-06-26,2019,59.83
North Pacific,2019-07-06,2019,72.83
North Pacific,2019-07-16,2019,74.73
North Pacific,2019-07-26,2019,80.93
North Pacific,2019-08-04,2019,80.43
North Pacific,2019-08-14,2019,99.43
North Pacific,2019-08-24,2019,120.23
North Pacific,2019-09-03,2019,122.53
North Pacific,2019-09-13,2019,127.03
North Pacific,2019-09-23,2019,117.53
North Pacific,2019-10-03,2019,109.93
North Pacific,2019-10-13,2019,115.33
North Pacific,2019-10-23,2019,123.33
North Pacific,2019-11-02,2019,112.43
North Pacific,2019-11-12,2019,107.53
North Pacific,2019-11-21,2019,99.43
North Pacific,2019-12-01,2019,80.03
North Pacific,2019-12-11,2019,77.93
North Pacific,2019-12-21,2019,79.63
North Pacific,2019-12-31,2019,74.03
North Pacific,2020-01-10,2020,74.93
North Pacific,2020-01-20,2020,46.43
North Pacific,2020-01-28,2020,41.53
North Pacific,2020-02-12,2020,79.03
North Pacific,2020-02-19,2020,38.43
North Pacific,2020-02-29,2020,30.43
North Pacific,2020-03-10,2020,26.23
North Pacific,2020-03-20,2020,15.73
North Pacific,2020-03-30,2020,17.23
North Pacific,2020-04-08,2020,26.63
North Pacific,2020-04-18,2020,23.23
North Pacific,2020-04-28,2020,18.43
North Pacific,2020-05-08,2020,32.43
North Pacific,2020-05-18,2020,57.63
North Pacific,2020-05-28,2020,59.33
North Pacific,2020-06-07,2020,62.73
North Pacific,2020-06-17,2020,68.93
North Pacific,2020-06-27,2020,75.33
North Pacific,2020-07-07,2020,72.83
North Pacific,2020-07-17,2020,88.63
North Pacific,2020-07-27,2020,94.13
North Pacific,2020-08-06,2020,96.13
North Pacific,2020-08-16,2020,104.83
North Pacific,2020-08-26,2020,116.03
North Pacific,2020-09-05,2020,117.23
North Pacific,2020-09-14,2020,118.03
North Pacific,2020-09-24,2020,128.43
North Pacific,2020-10-04,2020,132.43
North Pacific,2020-10-14,2020,140.83
North Pacific,2020-10-23,2020,142.23
North Pacific,2020-11-03,2020,134.03
North Pacific,2020-11-13,2020,112.43
North Pacific,2020-11-23,2020,93.63
North Pacific,2020-12-03,2020,94.63
North Pacific,2020-12-13,2020,93.93
North Pacific,2020-12-23,2020,82.63
North Pacific,2021-01-02,2021,78.73
North Pacific,2021-01-12,2021,55.73
North Pacific,2021-01-22,2021,48.03
North Pacific,2021-01-31,2021,53.63
North Pacific,2021-02-10,2021,33.33
North Pacific,2021-02-20,2021,40.33
North Pacific,2021-03-02,2021,49.93
North Pacific,2021-03-12,2021,37.43
North Pacific,2021-03-22,2021,28.83
North Pacific,2021-04-01,2021,45.83
North Pacific,2021-04-11,2021,55.93
North Pacific,2021-04-21,2021,49.03
North Pacific,2021-05-01,2021,39.23
North Pacific,2021-05-11,2021,42.23
North Pacific,2021-05-21,2021,46.73
North Pacific,2021-05-30,2021,58.93
North Pacific,2021-06-09,2021,69.83
North Pacific,2021-06-19,2021,76.53
North Pacific,2021-06-29,2021,79.33
North Pacific,2021-07-09,2021,75.73
North Pacific,2021-07-19,2021,102.23
North Pacific,2021-07-29,2021,130.13
North Pacific,2021-08-08,2021,138.43
North Pacific,2021-08-18,2021,130.73
North Pacific,2021-08-28,2021,122.53
North Pacific,2021-09-07,2021,123.93
North Pacific,2021-09-16,2021,144.03
North Pacific,2021-09-26,2021,153.53
North Pacific,2021-10-06,2021,147.93
North Pacific,2021-10-16,2021,137.43
North Pacific,2021-10-26,2021,127.13
North Pacific,2021-11-05,2021,114.13
North Pacific,2021-11-15,2021,102.23
North Pacific,2021-11-25,2021,104.93
North Pacific,2021-12-05,2021,105.53
North Pacific,2021-12-15,2021,99.63
North Pacific,2021-12-24,2021,88.43
North Pacific,2022-01-03,2022,69.53
North Pacific,2022-01-13,2022,53.03
North Pacific,2022-01-23,2022,52.53
North Pacific,2022-02-02,2022,44.73
North Pacific,2022-02-12,2022,53.13
North Pacific,2022-02-22,2022,39.63
North Pacific,2022-03-04,2022,20.23
North Pacific,2022-03-13,2022,28.23
North Pacific,2022-03-22,2022,26.03
North Pacific,2022-04-03,2022,41.23
North Pacific,2022-04-27,2022,38.93
North Pacific,2022-05-04,2022,58.33
North Pacific,2022-05-14,2022,47.73
North Pacific,2022-05-24,2022,59.23
North Pacific,2022-06-03,2022,53.63
North Pacific,2022-06-13,2022,60.63
North Pacific,2022-06-23,2022,60.03
North Pacific,2022-07-03,2022,68.93
North Pacific,2022-07-13,2022,98.33
North Pacific,2022-07-23,2022,105.03
North Pacific,2022-08-01,2022,103.33
North Pacific,2022-08-11,2022,106.23
North Pacific,2022-08-21,2022,112.33
North Pacific,2022-08-31,2022,122.43
North Pacific,2022-09-10,2022,141.03
North Pacific,2022-09-20,2022,141.63
North Pacific,2022-09-30,2022,141.93
North Pacific,2022-10-10,2022,128.33
North Pacific,2022-10-19,2022,138.03
North Pacific,2022-10-30,2022,132.23
North Pacific,2022-11-08,2022,110.23
North Pacific,2022-11-08,2022,3.12
Pacific Ocean,2012-01-02,2012,21.1
Pacific Ocean,2012-01-07,2012,31.86
Pacific Ocean,2012-01-12,2012,27.2
Pacific Ocean,2012-01-17,2012,24.76
Pacific Ocean,2012-01-22,2012,21.7
Pacific Ocean,2012-01-27,2012,30.86
Pacific Ocean,2012-02-01,2012,28.0
Pacific Ocean,2012-02-06,2012,23.46
Pacific Ocean,2012-02-10,2012,16.8
Pacific Ocean,2012-02-16,2012,21.1
Pacific Ocean,2012-02-16,2012,25.66
Pacific Ocean,2012-02-25,2012,26.76
Pacific Ocean,2012-03-02,2012,20.6
Pacific Ocean,2012-03-06,2012,22.66
Pacific Ocean,2012-03-16,2012,31.16
Pacific Ocean,2012-03-26,2012,32.26
Pacific Ocean,2012-04-05,2012,22.86
Pacific Ocean,2012-04-15,2012,17.66
Pacific Ocean,2012-04-25,2012,21.46
Pacific Ocean,2012-05-05,2012,22.86
Pacific Ocean,2012-05-13,2012,20.7
Pacific Ocean,2012-05-15,2012,22.06
Pacific Ocean,2012-05-24,2012,20.8
Pacific Ocean,2012-05-25,2012,24.96
Pacific Ocean,2012-06-04,2012,24.6
Pacific Ocean,2012-06-04,2012,23.46
Pacific Ocean,2012-06-14,2012,29.26
Pacific Ocean,2012-06-15,2012,30.6
Pacific Ocean,2012-06-22,2012,26.3
Pacific Ocean,2012-06-24,2012,25.86
Pacific Ocean,2012-06-30,2012,28.3
Pacific Ocean,2012-07-04,2012,28.76
Pacific Ocean,2012-07-11,2012,31.7
Pacific Ocean,2012-07-14,2012,32.86
Pacific Ocean,2012-07-22,2012,38.0
Pacific Ocean,2012-07-24,2012,38.06
Pacific Ocean,2012-08-01,2012,34.2
Pacific Ocean,2012-08-02,2012,34.36
Pacific Ocean,2012-08-09,2012,36.5
Pacific Ocean,2012-08-12,2012,32.46
Pacific Ocean,2012-08-16,2012,27.9
Pacific Ocean,2012-08-22,2012,27.66
Pacific Ocean,2012-08-27,2012,33.4
Pacific Ocean,2012-09-01,2012,35.96
Pacific Ocean,2012-09-07,2012,37.8
Pacific Ocean,2012-09-11,2012,38.26
Pacific Ocean,2012-09-18,2012,41.0
Pacific Ocean,2012-09-21,2012,43.76
Pacific Ocean,2012-09-26,2012,45.9
Pacific Ocean,2012-10-01,2012,45.16
Pacific Ocean,2012-10-03,2012,44.8
Pacific Ocean,2012-10-11,2012,43.26
Pacific Ocean,2012-10-14,2012,43.3
Pacific Ocean,2012-10-21,2012,35.36
Pacific Ocean,2012-10-25,2012,34.0
Pacific Ocean,2012-10-31,2012,30.76
Pacific Ocean,2012-11-01,2012,29.5
Pacific Ocean,2012-11-09,2012,40.8
Pacific Ocean,2012-11-10,2012,35.86
Pacific Ocean,2012-11-20,2012,43.7
Pacific Ocean,2012-11-20,2012,38.86
Pacific Ocean,2012-11-30,2012,38.36
Pacific Ocean,2012-12-01,2012,41.2
Pacific Ocean,2012-12-10,2012,42.36
Pacific Ocean,2012-12-12,2012,43.7
Pacific Ocean,2012-12-19,2012,39.2
Pacific Ocean,2012-12-20,2012,39.56
Pacific Ocean,2012-12-26,2012,38.1
Pacific Ocean,2012-12-30,2012,40.26
Pacific Ocean,2013-01-06,2013,36.1
Pacific Ocean,2013-01-08,2013,35.26
Pacific Ocean,2013-01-17,2013,38.9
Pacific Ocean,2013-01-18,2013,40.06
Pacific Ocean,2013-01-28,2013,39.2
Pacific Ocean,2013-01-28,2013,37.26
Pacific Ocean,2013-02-05,2013,26.7
Pacific Ocean,2013-02-07,2013,25.56
Pacific Ocean,2013-02-12,2013,30.4
Pacific Ocean,2013-02-17,2013,27.66
Pacific Ocean,2013-02-23,2013,35.4
Pacific Ocean,2013-02-27,2013,38.36
Pacific Ocean,2013-03-09,2013,32.06
Pacific Ocean,2013-03-19,2013,27.16
Pacific Ocean,2013-03-22,2013,25.6
Pacific Ocean,2013-03-24,2013,23.5
Pacific Ocean,2013-04-01,2013,25.9
Pacific Ocean,2013-04-11,2013,27.9
Pacific Ocean,2013-04-18,2013,30.56
Pacific Ocean,2013-04-22,2013,24.4
Pacific Ocean,2013-04-27,2013,29.36
Pacific Ocean,2013-04-30,2013,22.3
Pacific Ocean,2013-05-07,2013,18.5
Pacific Ocean,2013-05-07,2013,19.06
Pacific Ocean,2013-05-17,2013,27.46
Pacific Ocean,2013-05-18,2013,30.0
Pacific Ocean,2013-05-27,2013,31.96
Pacific Ocean,2013-05-29,2013,35.3
Pacific Ocean,2013-06-06,2013,37.56
Pacific Ocean,2013-06-09,2013,34.6
Pacific Ocean,2013-06-16,2013,23.0
Pacific Ocean,2013-06-16,2013,28.86
Pacific Ocean,2013-06-26,2013,33.26
Pacific Ocean,2013-07-06,2013,25.76
Pacific Ocean,2013-07-16,2013,25.26
Pacific Ocean,2013-07-26,2013,35.96
Pacific Ocean,2013-08-05,2013,35.06
Pacific Ocean,2013-08-14,2013,33.86
Pacific Ocean,2013-08-24,2013,37.96
Pacific Ocean,2013-09-02,2013,39.26
Pacific Ocean,2013-09-16,2013,40.96
Pacific Ocean,2013-09-23,2013,48.86
Pacific Ocean,2013-10-03,2013,50.96
Pacific Ocean,2013-10-13,2013,39.76
Pacific Ocean,2013-10-23,2013,36.06
Pacific Ocean,2013-11-02,2013,31.66
Pacific Ocean,2013-11-12,2013,34.56
Pacific Ocean,2013-11-21,2013,29.86
Pacific Ocean,2013-12-01,2013,28.76
Pacific Ocean,2013-12-11,2013,21.76
Pacific Ocean,2013-12-21,2013,24.76
Pacific Ocean,2013-12-31,2013,35.86
Pacific Ocean,2014-01-10,2014,30.96
Pacific Ocean,2014-01-20,2014,33.46
Pacific Ocean,2014-01-30,2014,32.66
Pacific Ocean,2014-02-09,2014,31.76
Pacific Ocean,2014-02-19,2014,35.96
Pacific Ocean,2014-03-01,2014,38.26
Pacific Ocean,2014-03-10,2014,41.56
Pacific Ocean,2014-03-20,2014,39.76
Pacific Ocean,2014-03-30,2014,32.76
Pacific Ocean,2014-04-09,2014,38.56
Pacific Ocean,2014-04-19,2014,36.86
Pacific Ocean,2014-04-29,2014,31.76
Pacific Ocean,2014-05-09,2014,27.86
Pacific Ocean,2014-05-19,2014,33.66
Pacific Ocean,2014-05-29,2014,36.16
Pacific Ocean,2014-06-08,2014,36.16
Pacific Ocean,2014-06-18,2014,35.66
Pacific Ocean,2014-06-28,2014,40.46
Pacific Ocean,2014-07-07,2014,39.86
Pacific Ocean,2014-07-17,2014,45.16
Pacific Ocean,2014-07-27,2014,43.86
Pacific Ocean,2014-08-06,2014,40.36
Pacific Ocean,2014-08-16,2014,44.66
Pacific Ocean,2014-08-26,2014,47.66
Pacific Ocean,2014-09-05,2014,50.86
Pacific Ocean,2014-09-15,2014,49.86
Pacific Ocean,2014-09-25,2014,43.16
Pacific Ocean,2014-10-05,2014,49.56
Pacific Ocean,2014-10-15,2014,53.16
Pacific Ocean,2014-10-24,2014,50.26
Pacific Ocean,2014-11-03,2014,48.76
Pacific Ocean,2014-11-13,2014,40.46
Pacific Ocean,2014-11-23,2014,29.76
Pacific Ocean,2014-12-03,2014,32.46
Pacific Ocean,2014-12-13,2014,49.56
Pacific Ocean,2014-12-23,2014,50.26
Pacific Ocean,2015-01-02,2015,46.06
Pacific Ocean,2015-01-12,2015,49.36
Pacific Ocean,2015-01-22,2015,43.56
Pacific Ocean,2015-02-01,2015,35.76
Pacific Ocean,2015-02-10,2015,41.16
Pacific Ocean,2015-02-20,2015,42.86
Pacific Ocean,2015-03-02,2015,45.06
Pacific Ocean,2015-03-12,2015,46.46
Pacific Ocean,2015-03-22,2015,42.46
Pacific Ocean,2015-04-01,2015,42.86
Pacific Ocean,2015-04-11,2015,47.96
Pacific Ocean,2015-04-21,2015,50.46
Pacific Ocean,2015-05-01,2015,47.36
Pacific Ocean,2015-05-11,2015,43.26
Pacific Ocean,2015-05-21,2015,43.26
Pacific Ocean,2015-05-30,2015,47.66
Pacific Ocean,2015-06-09,2015,50.26
Pacific Ocean,2015-06-19,2015,44.86
Pacific Ocean,2015-06-29,2015,48.66
Pacific Ocean,2015-07-09,2015,47.76
Pacific Ocean,2015-07-19,2015,45.46
Pacific Ocean,2015-07-29,2015,51.86
Pacific Ocean,2015-08-08,2015,48.36
Pacific Ocean,2015-08-18,2015,49.16
Pacific Ocean,2015-08-28,2015,56.06
Pacific Ocean,2015-09-07,2015,56.76
Pacific Ocean,2015-09-16,2015,59.06
Pacific Ocean,2015-09-26,2015,65.06
Pacific Ocean,2015-10-06,2015,62.96
Pacific Ocean,2015-10-16,2015,62.36
Pacific Ocean,2015-10-26,2015,60.76
Pacific Ocean,2015-11-05,2015,56.36
Pacific Ocean,2015-11-15,2015,54.76
Pacific Ocean,2015-11-25,2015,56.66
Pacific Ocean,2015-12-05,2015,54.26
Pacific Ocean,2015-12-15,2015,55.46
Pacific Ocean,2015-12-25,2015,53.86
Pacific Ocean,2016-01-03,2016,45.66
Pacific Ocean,2016-01-13,2016,49.66
Pacific Ocean,2016-01-23,2016,51.36
Pacific Ocean,2016-02-02,2016,44.36
Pacific Ocean,2016-02-12,2016,54.96
Pacific Ocean,2016-02-14,2016,53.58
Pacific Ocean,2016-02-22,2016,49.06
Pacific Ocean,2016-02-22,2016,49.78
Pacific Ocean,2016-03-03,2016,51.06
Pacific Ocean,2016-03-03,2016,52.28
Pacific Ocean,2016-03-12,2016,45.38
Pacific Ocean,2016-03-13,2016,45.66
Pacific Ocean,2016-03-23,2016,53.26
Pacific Ocean,2016-03-23,2016,55.88
Pacific Ocean,2016-04-01,2016,51.66
Pacific Ocean,2016-04-02,2016,52.58
Pacific Ocean,2016-04-12,2016,46.86
Pacific Ocean,2016-04-12,2016,48.08
Pacific Ocean,2016-04-22,2016,39.46
Pacific Ocean,2016-04-22,2016,39.28
Pacific Ocean,2016-05-02,2016,38.56
Pacific Ocean,2016-05-02,2016,37.28
Pacific Ocean,2016-05-12,2016,43.46
Pacific Ocean,2016-05-12,2016,41.58
Pacific Ocean,2016-05-22,2016,46.36
Pacific Ocean,2016-05-22,2016,45.48
Pacific Ocean,2016-05-31,2016,56.46
Pacific Ocean,2016-05-31,2016,56.18
Pacific Ocean,2016-06-10,2016,56.26
Pacific Ocean,2016-06-10,2016,56.58
Pacific Ocean,2016-06-20,2016,51.56
Pacific Ocean,2016-06-20,2016,52.68
Pacific Ocean,2016-06-30,2016,56.96
Pacific Ocean,2016-06-30,2016,57.88
Pacific Ocean,2016-07-10,2016,53.76
Pacific Ocean,2016-07-10,2016,54.68
Pacific Ocean,2016-07-20,2016,47.36
Pacific Ocean,2016-07-20,2016,47.78
Pacific Ocean,2016-07-30,2016,48.86
Pacific Ocean,2016-07-30,2016,48.48
Pacific Ocean,2016-08-09,2016,53.16
Pacific Ocean,2016-08-09,2016,53.18
Pacific Ocean,2016-08-19,2016,60.06
Pacific Ocean,2016-08-19,2016,59.48
Pacific Ocean,2016-08-29,2016,57.06
Pacific Ocean,2016-08-29,2016,55.68
Pacific Ocean,2016-09-08,2016,62.86
Pacific Ocean,2016-09-08,2016,62.08
Pacific Ocean,2016-09-18,2016,57.26
Pacific Ocean,2016-09-18,2016,57.88
Pacific Ocean,2016-09-28,2016,59.36
Pacific Ocean,2016-09-28,2016,59.68
Pacific Ocean,2016-10-08,2016,61.18
Pacific Ocean,2016-10-16,2016,60.46
Pacific Ocean,2016-10-18,2016,64.98
Pacific Ocean,2016-10-23,2016,66.06
Pacific Ocean,2016-10-28,2016,58.68
Pacific Ocean,2016-11-02,2016,55.66
Pacific Ocean,2016-11-06,2016,59.48
Pacific Ocean,2016-11-12,2016,59.96
Pacific Ocean,2016-11-16,2016,60.88
Pacific Ocean,2016-11-21,2016,58.86
Pacific Ocean,2016-11-26,2016,64.98
Pacific Ocean,2016-12-01,2016,61.16
Pacific Ocean,2016-12-06,2016,59.58
Pacific Ocean,2016-12-11,2016,51.56
Pacific Ocean,2016-12-16,2016,53.58
Pacific Ocean,2016-12-21,2016,57.76
Pacific Ocean,2016-12-26,2016,60.18
Pacific Ocean,2016-12-31,2016,53.36
Pacific Ocean,2017-01-05,2017,50.18
Pacific Ocean,2017-01-10,2017,52.76
Pacific Ocean,2017-01-15,2017,57.38
Pacific Ocean,2017-01-20,2017,57.86
Pacific Ocean,2017-01-25,2017,52.98
Pacific Ocean,2017-01-30,2017,50.76
Pacific Ocean,2017-02-04,2017,49.98
Pacific Ocean,2017-02-09,2017,50.36
Pacific Ocean,2017-02-14,2017,51.48
Pacific Ocean,2017-02-19,2017,49.66
Pacific Ocean,2017-02-24,2017,47.18
Pacific Ocean,2017-03-01,2017,46.86
Pacific Ocean,2017-03-06,2017,47.28
Pacific Ocean,2017-03-10,2017,51.86
Pacific Ocean,2017-03-15,2017,50.78
Pacific Ocean,2017-03-16,2017,57.36
Pacific Ocean,2017-03-25,2017,54.88
Pacific Ocean,2017-04-02,2017,62.26
Pacific Ocean,2017-04-04,2017,56.68
Pacific Ocean,2017-04-09,2017,50.66
Pacific Ocean,2017-04-14,2017,45.98
Pacific Ocean,2017-04-19,2017,47.76
Pacific Ocean,2017-04-24,2017,45.98
Pacific Ocean,2017-04-29,2017,49.96
Pacific Ocean,2017-05-04,2017,45.88
Pacific Ocean,2017-05-09,2017,42.86
Pacific Ocean,2017-05-14,2017,40.58
Pacific Ocean,2017-05-16,2017,39.46
Pacific Ocean,2017-05-24,2017,41.38
Pacific Ocean,2017-06-03,2017,48.98
Pacific Ocean,2017-06-13,2017,47.48
Pacific Ocean,2017-06-23,2017,43.38
Pacific Ocean,2017-07-02,2017,34.98
Pacific Ocean,2017-07-12,2017,43.88
Pacific Ocean,2017-07-22,2017,57.28
Pacific Ocean,2017-08-01,2017,59.28
Pacific Ocean,2017-08-11,2017,52.28
Pacific Ocean,2017-08-21,2017,54.38
Pacific Ocean,2017-08-31,2017,49.48
Pacific Ocean,2017-09-10,2017,51.98
Pacific Ocean,2017-09-20,2017,53.58
Pacific Ocean,2017-09-30,2017,55.78
Pacific Ocean,2017-10-10,2017,56.98
Pacific Ocean,2017-10-19,2017,60.58
Pacific Ocean,2017-10-29,2017,62.78
Pacific Ocean,2017-11-08,2017,57.48
Pacific Ocean,2017-11-18,2017,59.88
Pacific Ocean,2017-11-28,2017,59.88
Pacific Ocean,2017-12-08,2017,62.78
Pacific Ocean,2017-12-18,2017,59.08
Pacific Ocean,2017-12-28,2017,50.78
Pacific Ocean,2018-01-07,2018,48.48
Pacific Ocean,2018-01-17,2018,51.58
Pacific Ocean,2018-01-26,2018,48.58
Pacific Ocean,2018-02-05,2018,48.48
Pacific Ocean,2018-02-15,2018,44.38
Pacific Ocean,2018-02-25,2018,44.78
Pacific Ocean,2018-03-07,2018,49.68
Pacific Ocean,2018-03-17,2018,53.38
Pacific Ocean,2018-03-27,2018,50.58
Pacific Ocean,2018-04-06,2018,43.98
Pacific Ocean,2018-04-16,2018,45.98
Pacific Ocean,2018-04-26,2018,52.38
Pacific Ocean,2018-05-06,2018,54.48
Pacific Ocean,2018-05-16,2018,51.98
Pacific Ocean,2018-05-25,2018,50.68
Pacific Ocean,2018-06-04,2018,60.28
Pacific Ocean,2018-06-14,2018,63.88
Pacific Ocean,2018-06-24,2018,54.58
Pacific Ocean,2018-07-04,2018,52.28
Pacific Ocean,2018-07-14,2018,65.68
Pacific Ocean,2018-07-24,2018,63.28
Pacific Ocean,2018-08-03,2018,62.08
Pacific Ocean,2018-08-13,2018,65.98
Pacific Ocean,2018-08-23,2018,56.98
Pacific Ocean,2018-09-02,2018,57.38
Pacific Ocean,2018-09-11,2018,61.38
Pacific Ocean,2018-09-21,2018,63.08
Pacific Ocean,2018-10-01,2018,67.78
Pacific Ocean,2018-10-11,2018,64.28
Pacific Ocean,2018-10-21,2018,69.28
Pacific Ocean,2018-10-31,2018,69.68
Pacific Ocean,2018-11-10,2018,64.68
Pacific Ocean,2018-11-20,2018,60.18
Pacific Ocean,2018-11-30,2018,62.08
Pacific Ocean,2018-12-10,2018,62.78
Pacific Ocean,2018-12-20,2018,66.38
Pacific Ocean,2018-12-29,2018,67.18
Pacific Ocean,2019-01-08,2019,61.18
Pacific Ocean,2019-01-18,2019,61.48
Pacific Ocean,2019-01-28,2019,56.68
Pacific Ocean,2019-02-07,2019,59.58
Pacific Ocean,2019-02-17,2019,59.38
Pacific Ocean,2019-02-23,2019,58.18
Pacific Ocean,2019-03-10,2019,58.98
Pacific Ocean,2019-03-19,2019,62.18
Pacific Ocean,2019-03-29,2019,58.08
Pacific Ocean,2019-04-05,2019,58.78
Pacific Ocean,2019-04-17,2019,54.68
Pacific Ocean,2019-04-27,2019,58.68
Pacific Ocean,2019-05-07,2019,58.88
Pacific Ocean,2019-05-17,2019,57.68
Pacific Ocean,2019-05-27,2019,54.58
Pacific Ocean,2019-06-06,2019,48.58
Pacific Ocean,2019-06-16,2019,61.58
Pacific Ocean,2019-06-26,2019,64.58
Pacific Ocean,2019-07-06,2019,67.58
Pacific Ocean,2019-07-16,2019,64.18
Pacific Ocean,2019-07-26,2019,60.28
Pacific Ocean,2019-08-04,2019,64.28
Pacific Ocean,2019-08-14,2019,70.18
Pacific Ocean,2019-08-24,2019,74.08
Pacific Ocean,2019-09-03,2019,75.88
Pacific Ocean,2019-09-13,2019,77.68
Pacific Ocean,2019-09-23,2019,67.68
Pacific Ocean,2019-10-03,2019,63.48
Pacific Ocean,2019-10-13,2019,63.98
Pacific Ocean,2019-10-23,2019,61.98
Pacific Ocean,2019-11-02,2019,58.98
Pacific Ocean,2019-11-12,2019,64.08
Pacific Ocean,2019-11-21,2019,61.68
Pacific Ocean,2019-12-01,2019,62.28
Pacific Ocean,2019-12-11,2019,66.28
Pacific Ocean,2019-12-21,2019,63.18
Pacific Ocean,2019-12-31,2019,63.68
Pacific Ocean,2020-01-10,2020,61.38
Pacific Ocean,2020-01-20,2020,51.48
Pacific Ocean,2020-01-28,2020,55.58
Pacific Ocean,2020-02-10,2020,64.08
Pacific Ocean,2020-02-19,2020,60.68
Pacific Ocean,2020-02-29,2020,56.18
Pacific Ocean,2020-03-10,2020,55.18
Pacific Ocean,2020-03-20,2020,53.78
Pacific Ocean,2020-03-29,2020,56.18
Pacific Ocean,2020-04-08,2020,57.48
Pacific Ocean,2020-04-18,2020,58.48
Pacific Ocean,2020-04-28,2020,55.58
Pacific Ocean,2020-05-08,2020,65.78
Pacific Ocean,2020-05-18,2020,74.18
Pacific Ocean,2020-05-28,2020,72.58
Pacific Ocean,2020-06-07,2020,65.98
Pacific Ocean,2020-06-17,2020,58.38
Pacific Ocean,2020-06-27,2020,58.38
Pacific Ocean,2020-07-07,2020,62.88
Pacific Ocean,2020-07-17,2020,65.98
Pacific Ocean,2020-07-27,2020,65.28
Pacific Ocean,2020-08-06,2020,57.88
Pacific Ocean,2020-08-16,2020,62.18
Pacific Ocean,2020-08-26,2020,65.88
Pacific Ocean,2020-09-04,2020,69.18
Pacific Ocean,2020-09-14,2020,72.48
Pacific Ocean,2020-09-24,2020,74.38
Pacific Ocean,2020-10-04,2020,70.58
Pacific Ocean,2020-10-14,2020,67.68
Pacific Ocean,2020-10-24,2020,70.28
Pacific Ocean,2020-11-03,2020,69.18
Pacific Ocean,2020-11-13,2020,66.88
Pacific Ocean,2020-11-23,2020,58.78
Pacific Ocean,2020-12-03,2020,66.88
Pacific Ocean,2020-12-13,2020,67.88
Pacific Ocean,2020-12-23,2020,57.48
Pacific Ocean,2021-01-02,2021,62.28
Pacific Ocean,2021-01-12,2021,63.08
Pacific Ocean,2021-01-22,2021,64.18
Pacific Ocean,2021-01-31,2021,63.68
Pacific Ocean,2021-02-10,2021,58.08
Pacific Ocean,2021-02-20,2021,57.38
Pacific Ocean,2021-03-02,2021,56.28
Pacific Ocean,2021-03-12,2021,60.68
Pacific Ocean,2021-03-22,2021,61.38
Pacific Ocean,2021-04-01,2021,66.58
Pacific Ocean,2021-04-11,2021,68.88
Pacific Ocean,2021-04-21,2021,65.58
Pacific Ocean,2021-05-01,2021,57.78
Pacific Ocean,2021-05-11,2021,60.58
Pacific Ocean,2021-05-20,2021,70.68
Pacific Ocean,2021-05-30,2021,75.08
Pacific Ocean,2021-06-09,2021,67.88
Pacific Ocean,2021-06-19,2021,67.18
Pacific Ocean,2021-06-29,2021,64.48
Pacific Ocean,2021-07-09,2021,62.78
Pacific Ocean,2021-07-19,2021,70.38
Pacific Ocean,2021-07-29,2021,78.98
Pacific Ocean,2021-08-08,2021,74.88
Pacific Ocean,2021-08-18,2021,79.88
Pacific Ocean,2021-08-28,2021,74.38
Pacific Ocean,2021-09-06,2021,77.68
Pacific Ocean,2021-09-16,2021,80.78
Pacific Ocean,2021-09-26,2021,75.58
Pacific Ocean,2021-10-06,2021,71.78
Pacific Ocean,2021-10-16,2021,71.48
Pacific Ocean,2021-10-26,2021,74.08
Pacific Ocean,2021-11-05,2021,74.18
Pacific Ocean,2021-11-15,2021,66.78
Pacific Ocean,2021-11-25,2021,66.58
Pacific Ocean,2021-12-05,2021,70.28
Pacific Ocean,2021-12-15,2021,67.48
Pacific Ocean,2021-12-24,2021,64.98
Pacific Ocean,2022-01-03,2022,62.18
Pacific Ocean,2022-01-13,2022,66.38
Pacific Ocean,2022-01-23,2022,67.58
Pacific Ocean,2022-02-02,2022,61.58
Pacific Ocean,2022-02-12,2022,71.28
Pacific Ocean,2022-02-22,2022,58.08
Pacific Ocean,2022-03-04,2022,56.88
Pacific Ocean,2022-03-13,2022,64.68
Pacific Ocean,2022-03-23,2022,66.38
Pacific Ocean,2022-04-03,2022,70.58
Pacific Ocean,2022-04-08,2022,64.78
Pacific Ocean,2022-04-27,2022,68.38
Pacific Ocean,2022-05-04,2022,68.38
Pacific Ocean,2022-05-14,2022,59.88
Pacific Ocean,2022-05-24,2022,66.58
Pacific Ocean,2022-06-03,2022,57.68
Pacific Ocean,2022-06-13,2022,55.58
Pacific Ocean,2022-06-23,2022,62.38
Pacific Ocean,2022-07-03,2022,66.08
Pacific Ocean,2022-07-13,2022,76.58
Pacific Ocean,2022-07-22,2022,71.08
Pacific Ocean,2022-08-01,2022,64.08
Pacific Ocean,2022-08-11,2022,69.88
Pacific Ocean,2022-08-21,2022,71.08
Pacific Ocean,2022-08-31,2022,73.98
Pacific Ocean,2022-09-10,2022,77.28
Pacific Ocean,2022-09-20,2022,72.08
Pacific Ocean,2022-09-30,2022,73.28
Pacific Ocean,2022-10-10,2022,75.08
Pacific Ocean,2022-10-19,2022,75.48
Pacific Ocean,2022-10-30,2022,70.68
Pacific Ocean,2022-11-08,2022,66.08
Pacific Ocean,2022-11-08,2022,2.89
